Sum of Age,Category,Customer ID,Day Type,Division,Gender,Year,Quarter,Month,Day,Order ID,Product Name,Sum of Quantity,Sales Channel,Sum of Total Price,Sum of Unit Price,Week Days
38,Accessories,CUST0001,Weekday,Chattogram,TIE - Review,2023,Qtr 2,April,10,ORD-00586,Keyboard,3,Marketplace,18450,6150,Monday
38,Accessories,CUST0001,Weekday,Chattogram,TIE - Review,2024,Qtr 2,May,9,ORD-00296,Mouse,4,Marketplace,14760,3690,Thursday
23,Accessories,CUST0002,Weekday,Rajshahi,Male,2023,Qtr 1,January,18,ORD-00004,Headphones,5,Online,61500,12300,Wednesday
23,Accessories,CUST0002,Weekday,Rajshahi,Male,2024,Qtr 4,October,14,ORD-01778,Keyboard,3,Retail Store,18450,6150,Monday
23,Accessories,CUST0002,Weekday,Rajshahi,Male,2024,Qtr 4,November,19,ORD-01644,Mouse,5,Corporate Sales,18450,3690,Tuesday
23,Accessories,CUST0002,Weekend,Rajshahi,Male,2023,Qtr 3,August,18,ORD-00503,Keyboard,5,Online,30750,6150,Friday
63,Accessories,CUST0003,Weekday,Dhaka,Male,2023,Qtr 1,February,14,ORD-00902,Mouse,3,Corporate Sales,11070,3690,Tuesday
65,Accessories,CUST0004,Weekday,Chattogram,Male,2023,Qtr 2,April,4,ORD-00916,Keyboard,5,Online,30750,6150,Tuesday
65,Accessories,CUST0004,Weekday,Chattogram,Male,2023,Qtr 4,December,6,ORD-00186,Keyboard,3,Corporate Sales,18450,6150,Wednesday
65,Accessories,CUST0004,Weekday,Chattogram,Male,2024,Qtr 1,January,3,ORD-01786,Headphones,4,Marketplace,49200,12300,Wednesday
65,Accessories,CUST0004,Weekday,Chattogram,Male,2024,Qtr 1,March,31,ORD-01519,Mouse,4,Corporate Sales,14760,3690,Sunday
65,Accessories,CUST0004,Weekday,Chattogram,Male,2024,Qtr 2,April,21,ORD-01367,Mouse,4,Retail Store,14760,3690,Sunday
65,Accessories,CUST0004,Weekend,Chattogram,Male,2024,Qtr 2,May,11,ORD-01407,Mouse,1,Retail Store,3690,3690,Saturday
56,Accessories,CUST0005,Weekday,Rangpur,Female,2023,Qtr 1,February,15,ORD-00436,Mouse,2,Corporate Sales,7380,3690,Wednesday
56,Accessories,CUST0005,Weekday,Rangpur,Female,2024,Qtr 3,July,7,ORD-01855,Keyboard,2,Marketplace,12300,6150,Sunday
56,Accessories,CUST0005,Weekday,Rangpur,Female,2024,Qtr 3,September,17,ORD-01509,Headphones,4,Marketplace,49200,12300,Tuesday
52,Accessories,CUST0006,Weekday,Dhaka,TIE - Review,2023,Qtr 1,January,24,ORD-00593,Headphones,2,Marketplace,24600,12300,Tuesday
52,Accessories,CUST0007,Weekday,Khulna,Female,2023,Qtr 1,January,16,ORD-00405,Headphones,3,Retail Store,36900,12300,Monday
52,Accessories,CUST0007,Weekday,Khulna,Female,2024,Qtr 4,October,2,ORD-01894,Headphones,5,Marketplace,61500,12300,Wednesday
52,Accessories,CUST0007,Weekend,Khulna,Female,2023,Qtr 4,October,28,ORD-00024,Headphones,2,Online,24600,12300,Saturday
52,Accessories,CUST0007,Weekend,Khulna,Female,2024,Qtr 3,July,12,ORD-01799,Keyboard,4,Retail Store,24600,6150,Friday
52,Accessories,CUST0007,Weekend,Khulna,Female,2024,Qtr 3,August,16,ORD-01795,Mouse,5,Marketplace,18450,3690,Friday
18,Accessories,CUST0008,Weekday,Barishal,Female,2023,Qtr 1,February,2,ORD-00117,Headphones,5,Retail Store,61500,12300,Thursday
18,Accessories,CUST0008,Weekday,Barishal,Female,2023,Qtr 2,May,29,ORD-00124,Keyboard,3,Retail Store,18450,6150,Monday
18,Accessories,CUST0008,Weekday,Barishal,Female,2024,Qtr 3,July,25,ORD-01301,Mouse,5,Online,18450,3690,Thursday
18,Accessories,CUST0008,Weekday,Barishal,Female,2024,Qtr 3,August,14,ORD-01623,Headphones,5,Marketplace,61500,12300,Wednesday
18,Accessories,CUST0008,Weekend,Barishal,Female,2023,Qtr 2,June,30,ORD-00310,Mouse,4,Retail Store,14760,3690,Friday
50,Accessories,CUST0009,Weekday,Dhaka,Male,2023,Qtr 4,October,8,ORD-00584,Headphones,2,Marketplace,24600,12300,Sunday
50,Accessories,CUST0009,Weekday,Dhaka,Male,2024,Qtr 3,September,18,ORD-01074,Mouse,4,Marketplace,14760,3690,Wednesday
37,Accessories,CUST0010,Weekday,Rajshahi,TIE - Review,2023,Qtr 1,March,27,ORD-00322,Headphones,3,Retail Store,36900,12300,Monday
37,Accessories,CUST0010,Weekday,Rajshahi,TIE - Review,2024,Qtr 2,May,19,ORD-01824,Headphones,2,Online,24600,12300,Sunday
37,Accessories,CUST0010,Weekday,Rajshahi,TIE - Review,2024,Qtr 4,November,28,ORD-01693,Headphones,1,Marketplace,12300,12300,Thursday
37,Accessories,CUST0010,Weekend,Rajshahi,TIE - Review,2023,Qtr 2,April,21,ORD-00484,Headphones,5,Corporate Sales,61500,12300,Friday
37,Accessories,CUST0010,Weekend,Rajshahi,TIE - Review,2024,Qtr 1,February,2,ORD-01582,Headphones,5,Online,61500,12300,Friday
54,Accessories,CUST0011,Weekday,Dhaka,TIE - Review,2023,Qtr 4,December,18,ORD-00793,Headphones,1,Retail Store,12300,12300,Monday
54,Accessories,CUST0011,Weekend,Dhaka,TIE - Review,2023,Qtr 4,November,4,ORD-00555,Keyboard,1,Online,6150,6150,Saturday
54,Accessories,CUST0011,Weekend,Dhaka,TIE - Review,2024,Qtr 1,March,1,ORD-01639,Mouse,1,Retail Store,3690,3690,Friday
54,Accessories,CUST0011,Weekend,Dhaka,TIE - Review,2024,Qtr 4,November,29,ORD-01290,Mouse,3,Retail Store,11070,3690,Friday
28,Accessories,CUST0012,Weekday,Chattogram,Male,2023,Qtr 3,August,10,ORD-00430,Headphones,3,Retail Store,36900,12300,Thursday
28,Accessories,CUST0012,Weekend,Chattogram,Male,2023,Qtr 3,July,29,ORD-00241,Mouse,3,Marketplace,11070,3690,Saturday
55,Accessories,CUST0013,Weekday,Sylhet,Female,2023,Qtr 3,August,13,ORD-00450,Keyboard,4,Corporate Sales,24600,6150,Sunday
55,Accessories,CUST0013,Weekday,Sylhet,Female,2024,Qtr 1,January,7,ORD-01151,Headphones,5,Retail Store,61500,12300,Sunday
55,Accessories,CUST0013,Weekday,Sylhet,Female,2024,Qtr 4,November,4,ORD-01234,Keyboard,3,Retail Store,18450,6150,Monday
55,Accessories,CUST0013,Weekend,Sylhet,Female,2024,Qtr 2,April,12,ORD-01515,Headphones,4,Marketplace,49200,12300,Friday
20,Accessories,CUST0014,Weekday,Dhaka,Male,2024,Qtr 1,January,7,ORD-01037,Headphones,1,Corporate Sales,12300,12300,Sunday
20,Accessories,CUST0014,Weekday,Dhaka,Male,2024,Qtr 1,February,1,ORD-01448,Keyboard,3,Retail Store,18450,6150,Thursday
20,Accessories,CUST0014,Weekday,Dhaka,Male,2024,Qtr 1,March,31,ORD-01878,Headphones,3,Marketplace,36900,12300,Sunday
20,Accessories,CUST0014,Weekday,Dhaka,Male,2024,Qtr 2,June,12,ORD-01672,Keyboard,2,Online,12300,6150,Wednesday
58,Accessories,CUST0015,Weekday,Khulna,Male,2023,Qtr 1,March,22,ORD-00118,Headphones,3,Marketplace,36900,12300,Wednesday
58,Accessories,CUST0015,Weekday,Khulna,Male,2024,Qtr 3,September,26,ORD-01391,Mouse,4,Marketplace,14760,3690,Thursday
61,Accessories,CUST0016,Weekday,Mymensingh,Female,2023,Qtr 4,November,26,ORD-00883,Keyboard,3,Corporate Sales,18450,6150,Sunday
61,Accessories,CUST0016,Weekday,Mymensingh,Female,2024,Qtr 4,December,11,ORD-01362,Keyboard,3,Retail Store,18450,6150,Wednesday
61,Accessories,CUST0016,Weekend,Mymensingh,Female,2023,Qtr 3,July,28,ORD-00438,Keyboard,1,Retail Store,6150,6150,Friday
36,Accessories,CUST0017,Weekday,Dhaka,Female,2023,Qtr 4,December,17,ORD-00544,Keyboard,5,Marketplace,30750,6150,Sunday
36,Accessories,CUST0017,Weekday,Dhaka,Female,2024,Qtr 4,November,5,ORD-01690,Headphones,2,Retail Store,24600,12300,Tuesday
36,Accessories,CUST0017,Weekday,Dhaka,Female,2024,Qtr 4,December,12,ORD-01059,Headphones,1,Online,12300,12300,Thursday
38,Accessories,CUST0018,Weekday,Rajshahi,Female,2023,Qtr 4,November,28,ORD-00366,Mouse,2,Marketplace,7380,3690,Tuesday
38,Accessories,CUST0018,Weekend,Rajshahi,Female,2023,Qtr 2,May,12,ORD-00804,Keyboard,5,Corporate Sales,30750,6150,Friday
38,Accessories,CUST0018,Weekend,Rajshahi,Female,2024,Qtr 4,November,8,ORD-01322,Mouse,4,Corporate Sales,14760,3690,Friday
69,Accessories,CUST0019,Weekday,Dhaka,Male,2023,Qtr 2,April,23,ORD-00093,Keyboard,1,Marketplace,6150,6150,Sunday
69,Accessories,CUST0019,Weekday,Dhaka,Male,2024,Qtr 3,September,26,ORD-01648,Keyboard,2,Online,12300,6150,Thursday
69,Accessories,CUST0019,Weekday,Dhaka,Male,2024,Qtr 4,October,29,ORD-01828,Keyboard,5,Online,30750,6150,Tuesday
55,Accessories,CUST0020,Weekday,Chattogram,Female,2024,Qtr 4,December,5,ORD-01189,Keyboard,4,Online,24600,6150,Thursday
55,Accessories,CUST0020,Weekend,Chattogram,Female,2024,Qtr 3,September,21,ORD-01556,Mouse,2,Corporate Sales,7380,3690,Saturday
43,Accessories,CUST0021,Weekday,Sylhet,TIE - Review,2023,Qtr 3,September,24,ORD-00594,Mouse,4,Online,14760,3690,Sunday
43,Accessories,CUST0021,Weekend,Sylhet,TIE - Review,2024,Qtr 1,March,30,ORD-01229,Mouse,3,Marketplace,11070,3690,Saturday
43,Accessories,CUST0021,Weekend,Sylhet,TIE - Review,2024,Qtr 3,August,17,ORD-01044,Headphones,5,Corporate Sales,61500,12300,Saturday
33,Accessories,CUST0022,Weekday,Dhaka,Female,2023,Qtr 1,February,27,ORD-00257,Mouse,1,Marketplace,3690,3690,Monday
33,Accessories,CUST0022,Weekday,Dhaka,Female,2023,Qtr 2,April,20,ORD-00682,Keyboard,2,Marketplace,12300,6150,Thursday
33,Accessories,CUST0022,Weekday,Dhaka,Female,2024,Qtr 1,February,19,ORD-01156,Headphones,4,Corporate Sales,49200,12300,Monday
33,Accessories,CUST0022,Weekday,Dhaka,Female,2024,Qtr 1,March,21,ORD-01277,Mouse,5,Retail Store,18450,3690,Thursday
33,Accessories,CUST0022,Weekend,Dhaka,Female,2024,Qtr 1,March,9,ORD-01529,Mouse,1,Marketplace,3690,3690,Saturday
29,Accessories,CUST0023,Weekday,Chattogram,Male,2023,Qtr 2,April,23,ORD-00010,Headphones,3,Retail Store,36900,12300,Sunday
29,Accessories,CUST0023,Weekday,Chattogram,Male,2023,Qtr 4,November,1,ORD-00309,Keyboard,5,Retail Store,30750,6150,Wednesday
29,Accessories,CUST0023,Weekday,Chattogram,Male,2024,Qtr 3,September,2,ORD-01396,Keyboard,1,Retail Store,6150,6150,Monday
29,Accessories,CUST0023,Weekday,Chattogram,Male,2024,Qtr 4,December,1,ORD-01833,Keyboard,2,Marketplace,12300,6150,Sunday
57,Accessories,CUST0024,Weekend,Rangpur,Female,2024,Qtr 4,November,22,ORD-01763,Headphones,1,Retail Store,12300,12300,Friday
56,Accessories,CUST0025,Weekday,Dhaka,Female,2024,Qtr 2,April,11,ORD-01085,Mouse,5,Online,18450,3690,Thursday
56,Accessories,CUST0025,Weekend,Dhaka,Female,2023,Qtr 4,November,25,ORD-00453,Headphones,3,Retail Store,36900,12300,Saturday
56,Accessories,CUST0025,Weekend,Dhaka,Female,2024,Qtr 2,May,17,ORD-01324,Keyboard,4,Marketplace,24600,6150,Friday
27,Accessories,CUST0026,Weekday,Khulna,TIE - Review,2024,Qtr 1,January,30,ORD-01026,Mouse,1,Online,3690,3690,Tuesday
27,Accessories,CUST0026,Weekday,Khulna,TIE - Review,2024,Qtr 3,September,15,ORD-01845,Headphones,1,Retail Store,12300,12300,Sunday
27,Accessories,CUST0026,Weekday,Khulna,TIE - Review,2024,Qtr 4,December,30,ORD-01273,Mouse,2,Corporate Sales,7380,3690,Monday
27,Accessories,CUST0026,Weekend,Khulna,TIE - Review,2024,Qtr 4,October,5,ORD-01467,Mouse,5,Marketplace,18450,3690,Saturday
36,Accessories,CUST0027,Weekday,Barishal,Female,2023,Qtr 2,June,6,ORD-00165,Keyboard,5,Retail Store,30750,6150,Tuesday
36,Accessories,CUST0027,Weekday,Barishal,Female,2024,Qtr 1,March,17,ORD-01233,Mouse,5,Online,18450,3690,Sunday
36,Accessories,CUST0027,Weekday,Barishal,Female,2024,Qtr 2,April,24,ORD-01869,Keyboard,3,Marketplace,18450,6150,Wednesday
36,Accessories,CUST0027,Weekday,Barishal,Female,2024,Qtr 3,September,17,ORD-01094,Mouse,4,Online,14760,3690,Tuesday
36,Accessories,CUST0027,Weekend,Barishal,Female,2024,Qtr 2,June,28,ORD-01175,Headphones,1,Online,12300,12300,Friday
50,Accessories,CUST0028,Weekday,Chattogram,Male,2023,Qtr 1,January,17,ORD-00866,Keyboard,4,Marketplace,24600,6150,Tuesday
50,Accessories,CUST0028,Weekday,Chattogram,Male,2023,Qtr 4,November,7,ORD-00201,Headphones,5,Corporate Sales,61500,12300,Tuesday
50,Accessories,CUST0028,Weekday,Chattogram,Male,2024,Qtr 1,January,17,ORD-01018,Headphones,5,Corporate Sales,61500,12300,Wednesday
50,Accessories,CUST0028,Weekday,Chattogram,Male,2024,Qtr 4,December,25,ORD-01952,Headphones,3,Retail Store,36900,12300,Wednesday
50,Accessories,CUST0028,Weekend,Chattogram,Male,2023,Qtr 2,April,7,ORD-00792,Mouse,5,Retail Store,18450,3690,Friday
66,Accessories,CUST0029,Weekday,Rajshahi,TIE - Review,2024,Qtr 2,April,2,ORD-01718,Mouse,2,Online,7380,3690,Tuesday
66,Accessories,CUST0029,Weekend,Rajshahi,TIE - Review,2024,Qtr 1,February,9,ORD-01750,Keyboard,3,Online,18450,6150,Friday
66,Accessories,CUST0029,Weekend,Rajshahi,TIE - Review,2024,Qtr 4,November,15,ORD-01947,Mouse,2,Retail Store,7380,3690,Friday
44,Accessories,CUST0030,Weekday,Dhaka,Female,2023,Qtr 2,May,11,ORD-00777,Headphones,4,Marketplace,49200,12300,Thursday
44,Accessories,CUST0030,Weekend,Dhaka,Female,2024,Qtr 1,February,2,ORD-01905,Keyboard,2,Marketplace,12300,6150,Friday
67,Accessories,CUST0031,Weekday,Chattogram,Male,2023,Qtr 1,March,26,ORD-00928,Mouse,2,Corporate Sales,7380,3690,Sunday
67,Accessories,CUST0031,Weekday,Chattogram,Male,2024,Qtr 1,March,18,ORD-01812,Headphones,5,Online,61500,12300,Monday
67,Accessories,CUST0031,Weekday,Chattogram,Male,2024,Qtr 2,April,30,ORD-01948,Mouse,5,Retail Store,18450,3690,Tuesday
67,Accessories,CUST0031,Weekday,Chattogram,Male,2024,Qtr 3,September,17,ORD-01604,Mouse,5,Corporate Sales,18450,3690,Tuesday
67,Accessories,CUST0031,Weekend,Chattogram,Male,2023,Qtr 3,July,22,ORD-00968,Mouse,3,Online,11070,3690,Saturday
67,Accessories,CUST0031,Weekend,Chattogram,Male,2023,Qtr 3,July,29,ORD-00715,Keyboard,1,Online,6150,6150,Saturday
67,Accessories,CUST0031,Weekend,Chattogram,Male,2024,Qtr 4,October,12,ORD-01864,Mouse,3,Corporate Sales,11070,3690,Saturday
63,Accessories,CUST0032,Weekday,Rangpur,Male,2024,Qtr 1,March,31,ORD-01454,Keyboard,1,Online,6150,6150,Sunday
63,Accessories,CUST0032,Weekday,Rangpur,Male,2024,Qtr 2,May,29,ORD-01576,Keyboard,1,Marketplace,6150,6150,Wednesday
63,Accessories,CUST0032,Weekday,Rangpur,Male,2024,Qtr 4,October,29,ORD-01826,Mouse,4,Online,14760,3690,Tuesday
63,Accessories,CUST0032,Weekend,Rangpur,Male,2023,Qtr 1,March,11,ORD-00497,Mouse,4,Retail Store,14760,3690,Saturday
65,Accessories,CUST0034,Weekday,Khulna,Female,2023,Qtr 2,June,27,ORD-00779,Keyboard,1,Marketplace,6150,6150,Tuesday
65,Accessories,CUST0034,Weekend,Khulna,Female,2023,Qtr 4,November,17,ORD-00722,Keyboard,3,Corporate Sales,18450,6150,Friday
20,Accessories,CUST0035,Weekday,Barishal,Female,2024,Qtr 4,November,14,ORD-01124,Keyboard,2,Retail Store,12300,6150,Thursday
20,Accessories,CUST0035,Weekend,Barishal,Female,2023,Qtr 3,July,22,ORD-00623,Mouse,4,Marketplace,14760,3690,Saturday
20,Accessories,CUST0035,Weekend,Barishal,Female,2023,Qtr 3,September,16,ORD-00752,Keyboard,3,Marketplace,18450,6150,Saturday
33,Accessories,CUST0036,Weekday,Dhaka,TIE - Review,2023,Qtr 2,May,7,ORD-00447,Keyboard,3,Marketplace,18450,6150,Sunday
33,Accessories,CUST0036,Weekday,Dhaka,TIE - Review,2023,Qtr 3,August,2,ORD-00133,Keyboard,1,Corporate Sales,6150,6150,Wednesday
33,Accessories,CUST0036,Weekend,Dhaka,TIE - Review,2023,Qtr 2,June,30,ORD-00633,Headphones,5,Retail Store,61500,12300,Friday
51,Accessories,CUST0037,Weekend,Rajshahi,TIE - Review,2023,Qtr 2,May,20,ORD-00085,Keyboard,4,Online,24600,6150,Saturday
57,Accessories,CUST0038,Weekday,Dhaka,Male,2023,Qtr 1,February,21,ORD-00575,Keyboard,3,Retail Store,18450,6150,Tuesday
57,Accessories,CUST0038,Weekday,Dhaka,Male,2023,Qtr 4,November,16,ORD-00466,Keyboard,2,Retail Store,12300,6150,Thursday
57,Accessories,CUST0038,Weekday,Dhaka,Male,2024,Qtr 2,April,10,ORD-01614,Headphones,3,Corporate Sales,36900,12300,Wednesday
57,Accessories,CUST0038,Weekday,Dhaka,Male,2024,Qtr 4,December,16,ORD-01289,Mouse,1,Marketplace,3690,3690,Monday
57,Accessories,CUST0038,Weekday,Dhaka,Male,2024,Qtr 4,December,31,ORD-01687,Headphones,3,Online,36900,12300,Tuesday
57,Accessories,CUST0038,Weekend,Dhaka,Male,2024,Qtr 3,August,16,ORD-01457,Headphones,5,Retail Store,61500,12300,Friday
60,Accessories,CUST0039,Weekday,Chattogram,Male,2023,Qtr 4,December,10,ORD-00014,Keyboard,4,Retail Store,24600,6150,Sunday
29,Accessories,CUST0040,Weekday,Sylhet,TIE - Review,2023,Qtr 3,August,2,ORD-00911,Keyboard,5,Corporate Sales,30750,6150,Wednesday
29,Accessories,CUST0040,Weekday,Sylhet,TIE - Review,2024,Qtr 3,July,24,ORD-01210,Mouse,3,Corporate Sales,11070,3690,Wednesday
57,Accessories,CUST0042,Weekday,Chattogram,Female,2023,Qtr 4,December,4,ORD-00026,Keyboard,1,Retail Store,6150,6150,Monday
57,Accessories,CUST0042,Weekday,Chattogram,Female,2024,Qtr 3,July,4,ORD-01645,Mouse,1,Retail Store,3690,3690,Thursday
22,Accessories,CUST0043,Weekday,Mymensingh,Male,2023,Qtr 1,January,4,ORD-00959,Keyboard,4,Online,24600,6150,Wednesday
22,Accessories,CUST0043,Weekday,Mymensingh,Male,2023,Qtr 1,January,5,ORD-00495,Keyboard,4,Corporate Sales,24600,6150,Thursday
22,Accessories,CUST0043,Weekday,Mymensingh,Male,2023,Qtr 4,October,25,ORD-00347,Mouse,4,Corporate Sales,14760,3690,Wednesday
22,Accessories,CUST0043,Weekday,Mymensingh,Male,2024,Qtr 2,June,11,ORD-01838,Keyboard,2,Retail Store,12300,6150,Tuesday
22,Accessories,CUST0043,Weekday,Mymensingh,Male,2024,Qtr 3,July,11,ORD-01137,Mouse,4,Online,14760,3690,Thursday
30,Accessories,CUST0044,Weekday,Dhaka,Male,2023,Qtr 3,September,6,ORD-00605,Headphones,1,Corporate Sales,12300,12300,Wednesday
30,Accessories,CUST0044,Weekday,Dhaka,Male,2023,Qtr 4,October,16,ORD-00262,Keyboard,4,Online,24600,6150,Monday
30,Accessories,CUST0044,Weekday,Dhaka,Male,2024,Qtr 2,April,30,ORD-01618,Keyboard,3,Corporate Sales,18450,6150,Tuesday
30,Accessories,CUST0044,Weekend,Dhaka,Male,2023,Qtr 4,October,28,ORD-00157,Mouse,5,Marketplace,18450,3690,Saturday
30,Accessories,CUST0044,Weekend,Dhaka,Male,2024,Qtr 3,August,2,ORD-01041,Keyboard,3,Retail Store,18450,6150,Friday
21,Accessories,CUST0045,Weekday,Rajshahi,TIE - Review,2023,Qtr 3,July,26,ORD-00870,Headphones,4,Corporate Sales,49200,12300,Wednesday
21,Accessories,CUST0045,Weekday,Rajshahi,TIE - Review,2023,Qtr 4,October,23,ORD-00070,Mouse,1,Retail Store,3690,3690,Monday
21,Accessories,CUST0045,Weekday,Rajshahi,TIE - Review,2024,Qtr 1,March,11,ORD-01162,Keyboard,2,Marketplace,12300,6150,Monday
21,Accessories,CUST0045,Weekend,Rajshahi,TIE - Review,2024,Qtr 4,December,20,ORD-01514,Mouse,1,Corporate Sales,3690,3690,Friday
22,Accessories,CUST0046,Weekday,Dhaka,Female,2023,Qtr 2,April,9,ORD-00002,Headphones,2,Retail Store,24600,12300,Sunday
22,Accessories,CUST0046,Weekend,Dhaka,Female,2023,Qtr 1,February,25,ORD-00009,Mouse,1,Online,3690,3690,Saturday
22,Accessories,CUST0046,Weekend,Dhaka,Female,2023,Qtr 1,March,3,ORD-00428,Mouse,1,Online,3690,3690,Friday
41,Accessories,CUST0047,Weekday,Chattogram,Female,2023,Qtr 2,April,23,ORD-00507,Headphones,2,Corporate Sales,24600,12300,Sunday
41,Accessories,CUST0047,Weekday,Chattogram,Female,2024,Qtr 3,September,8,ORD-01874,Keyboard,5,Corporate Sales,30750,6150,Sunday
41,Accessories,CUST0047,Weekend,Chattogram,Female,2024,Qtr 2,April,26,ORD-01728,Mouse,2,Corporate Sales,7380,3690,Friday
34,Accessories,CUST0048,Weekend,Sylhet,Male,2024,Qtr 1,January,27,ORD-01318,Keyboard,2,Corporate Sales,12300,6150,Saturday
34,Accessories,CUST0048,Weekend,Sylhet,Male,2024,Qtr 2,May,3,ORD-01482,Headphones,1,Marketplace,12300,12300,Friday
59,Accessories,CUST0049,Weekday,Dhaka,Female,2024,Qtr 1,January,14,ORD-01412,Keyboard,4,Marketplace,24600,6150,Sunday
40,Accessories,CUST0050,Weekday,Chattogram,TIE - Review,2023,Qtr 2,June,6,ORD-00023,Mouse,3,Retail Store,11070,3690,Tuesday
40,Accessories,CUST0050,Weekday,Chattogram,TIE - Review,2024,Qtr 2,April,30,ORD-01562,Keyboard,4,Online,24600,6150,Tuesday
40,Accessories,CUST0050,Weekday,Chattogram,TIE - Review,2024,Qtr 4,December,31,ORD-01822,Mouse,1,Corporate Sales,3690,3690,Tuesday
40,Accessories,CUST0050,Weekend,Chattogram,TIE - Review,2024,Qtr 4,October,12,ORD-01673,Headphones,4,Marketplace,49200,12300,Saturday
41,Accessories,CUST0051,Weekday,Rangpur,TIE - Review,2024,Qtr 3,July,8,ORD-01743,Keyboard,3,Retail Store,18450,6150,Monday
41,Accessories,CUST0051,Weekday,Rangpur,TIE - Review,2024,Qtr 4,October,14,ORD-01762,Mouse,5,Corporate Sales,18450,3690,Monday
66,Accessories,CUST0052,Weekday,Dhaka,Male,2023,Qtr 1,February,5,ORD-00393,Mouse,4,Retail Store,14760,3690,Sunday
66,Accessories,CUST0052,Weekday,Dhaka,Male,2023,Qtr 1,March,13,ORD-00398,Headphones,3,Corporate Sales,36900,12300,Monday
66,Accessories,CUST0052,Weekday,Dhaka,Male,2023,Qtr 2,June,5,ORD-00471,Mouse,2,Online,7380,3690,Monday
66,Accessories,CUST0052,Weekday,Dhaka,Male,2023,Qtr 2,June,6,ORD-00712,Keyboard,4,Corporate Sales,24600,6150,Tuesday
66,Accessories,CUST0052,Weekday,Dhaka,Male,2023,Qtr 2,June,11,ORD-00414,Mouse,2,Marketplace,7380,3690,Sunday
66,Accessories,CUST0052,Weekday,Dhaka,Male,2024,Qtr 4,October,1,ORD-01798,Keyboard,1,Marketplace,6150,6150,Tuesday
66,Accessories,CUST0052,Weekday,Dhaka,Male,2024,Qtr 4,November,26,ORD-01498,Keyboard,4,Marketplace,24600,6150,Tuesday
66,Accessories,CUST0052,Weekday,Dhaka,Male,2024,Qtr 4,December,18,ORD-01706,Mouse,4,Marketplace,14760,3690,Wednesday
66,Accessories,CUST0052,Weekend,Dhaka,Male,2023,Qtr 2,June,9,ORD-00191,Mouse,4,Corporate Sales,14760,3690,Friday
66,Accessories,CUST0052,Weekend,Dhaka,Male,2024,Qtr 3,July,5,ORD-01835,Keyboard,5,Online,30750,6150,Friday
25,Accessories,CUST0053,Weekday,Khulna,Female,2023,Qtr 4,October,18,ORD-00339,Keyboard,3,Marketplace,18450,6150,Wednesday
25,Accessories,CUST0053,Weekday,Khulna,Female,2024,Qtr 1,January,25,ORD-01013,Keyboard,4,Retail Store,24600,6150,Thursday
25,Accessories,CUST0053,Weekday,Khulna,Female,2024,Qtr 2,May,1,ORD-01435,Mouse,3,Marketplace,11070,3690,Wednesday
64,Accessories,CUST0054,Weekday,Barishal,Female,2023,Qtr 1,February,13,ORD-00365,Keyboard,1,Corporate Sales,6150,6150,Monday
64,Accessories,CUST0054,Weekday,Barishal,Female,2023,Qtr 1,March,12,ORD-00361,Headphones,1,Marketplace,12300,12300,Sunday
64,Accessories,CUST0054,Weekday,Barishal,Female,2024,Qtr 1,January,14,ORD-01339,Mouse,2,Corporate Sales,7380,3690,Sunday
64,Accessories,CUST0054,Weekday,Barishal,Female,2024,Qtr 4,October,24,ORD-01688,Keyboard,5,Online,30750,6150,Thursday
45,Accessories,CUST0055,Weekday,Chattogram,Female,2023,Qtr 3,September,13,ORD-00254,Keyboard,1,Online,6150,6150,Wednesday
45,Accessories,CUST0055,Weekday,Chattogram,Female,2024,Qtr 1,February,4,ORD-01580,Keyboard,5,Corporate Sales,30750,6150,Sunday
45,Accessories,CUST0055,Weekday,Chattogram,Female,2024,Qtr 4,November,21,ORD-01096,Mouse,5,Corporate Sales,18450,3690,Thursday
45,Accessories,CUST0055,Weekend,Chattogram,Female,2023,Qtr 4,October,20,ORD-00991,Mouse,5,Corporate Sales,18450,3690,Friday
23,Accessories,CUST0056,Weekday,Rajshahi,Female,2024,Qtr 2,June,20,ORD-01862,Headphones,1,Corporate Sales,12300,12300,Thursday
62,Accessories,CUST0057,Weekend,Dhaka,TIE - Review,2023,Qtr 3,September,29,ORD-00057,Keyboard,4,Online,24600,6150,Friday
62,Accessories,CUST0057,Weekend,Dhaka,TIE - Review,2024,Qtr 2,April,27,ORD-01676,Mouse,5,Corporate Sales,18450,3690,Saturday
42,Accessories,CUST0058,Weekday,Chattogram,TIE - Review,2023,Qtr 3,July,13,ORD-00736,Keyboard,1,Marketplace,6150,6150,Thursday
42,Accessories,CUST0058,Weekday,Chattogram,TIE - Review,2023,Qtr 4,October,24,ORD-00689,Headphones,5,Online,61500,12300,Tuesday
42,Accessories,CUST0058,Weekday,Chattogram,TIE - Review,2023,Qtr 4,November,14,ORD-00656,Mouse,5,Online,18450,3690,Tuesday
18,Accessories,CUST0059,Weekday,Rangpur,Female,2023,Qtr 1,February,6,ORD-00913,Mouse,3,Online,11070,3690,Monday
18,Accessories,CUST0059,Weekday,Rangpur,Female,2023,Qtr 3,August,20,ORD-00451,Keyboard,4,Marketplace,24600,6150,Sunday
18,Accessories,CUST0059,Weekend,Rangpur,Female,2024,Qtr 1,January,27,ORD-00105,Mouse,4,Corporate Sales,14760,3690,Saturday
41,Accessories,CUST0060,Weekday,Dhaka,Male,2023,Qtr 1,March,13,ORD-00920,Keyboard,3,Corporate Sales,18450,6150,Monday
41,Accessories,CUST0060,Weekday,Dhaka,Male,2023,Qtr 1,March,15,ORD-00427,Headphones,5,Retail Store,61500,12300,Wednesday
41,Accessories,CUST0060,Weekday,Dhaka,Male,2023,Qtr 2,April,3,ORD-00069,Keyboard,4,Corporate Sales,24600,6150,Monday
41,Accessories,CUST0060,Weekday,Dhaka,Male,2023,Qtr 2,June,26,ORD-00175,Keyboard,1,Corporate Sales,6150,6150,Monday
41,Accessories,CUST0060,Weekend,Dhaka,Male,2024,Qtr 2,June,29,ORD-01440,Headphones,4,Online,49200,12300,Saturday
35,Accessories,CUST0061,Weekday,Khulna,Female,2024,Qtr 2,April,22,ORD-01326,Keyboard,1,Online,6150,6150,Monday
35,Accessories,CUST0061,Weekday,Khulna,Female,2024,Qtr 3,July,10,ORD-01399,Keyboard,5,Corporate Sales,30750,6150,Wednesday
35,Accessories,CUST0061,Weekday,Khulna,Female,2024,Qtr 4,October,15,ORD-01893,Keyboard,1,Corporate Sales,6150,6150,Tuesday
35,Accessories,CUST0061,Weekend,Khulna,Female,2024,Qtr 2,June,15,ORD-01236,Headphones,2,Marketplace,24600,12300,Saturday
43,Accessories,CUST0062,Weekday,Mymensingh,Male,2023,Qtr 2,April,24,ORD-00173,Headphones,4,Online,49200,12300,Monday
43,Accessories,CUST0062,Weekday,Mymensingh,Male,2024,Qtr 1,January,3,ORD-01323,Mouse,2,Online,7380,3690,Wednesday
43,Accessories,CUST0062,Weekday,Mymensingh,Male,2024,Qtr 4,November,28,ORD-01654,Headphones,1,Retail Store,12300,12300,Thursday
20,Accessories,CUST0063,Weekday,Dhaka,Male,2023,Qtr 3,August,13,ORD-00328,Keyboard,1,Corporate Sales,6150,6150,Sunday
20,Accessories,CUST0063,Weekday,Dhaka,Male,2024,Qtr 1,January,24,ORD-01296,Mouse,5,Corporate Sales,18450,3690,Wednesday
20,Accessories,CUST0063,Weekday,Dhaka,Male,2024,Qtr 1,March,10,ORD-01940,Headphones,5,Retail Store,61500,12300,Sunday
20,Accessories,CUST0063,Weekday,Dhaka,Male,2024,Qtr 2,April,21,ORD-01794,Mouse,3,Retail Store,11070,3690,Sunday
61,Accessories,CUST0064,Weekday,Rajshahi,Male,2023,Qtr 1,March,20,ORD-00770,Headphones,1,Online,12300,12300,Monday
61,Accessories,CUST0064,Weekday,Rajshahi,Male,2024,Qtr 1,January,11,ORD-01148,Keyboard,2,Online,12300,6150,Thursday
61,Accessories,CUST0064,Weekday,Rajshahi,Male,2024,Qtr 2,May,21,ORD-01665,Mouse,1,Retail Store,3690,3690,Tuesday
61,Accessories,CUST0064,Weekday,Rajshahi,Male,2024,Qtr 3,September,29,ORD-01081,Keyboard,1,Retail Store,6150,6150,Sunday
41,Accessories,CUST0065,Weekday,Dhaka,Female,2023,Qtr 1,February,5,ORD-00067,Headphones,2,Retail Store,24600,12300,Sunday
41,Accessories,CUST0065,Weekday,Dhaka,Female,2024,Qtr 1,January,15,ORD-01431,Keyboard,3,Marketplace,18450,6150,Monday
41,Accessories,CUST0065,Weekend,Dhaka,Female,2023,Qtr 1,March,4,ORD-00168,Headphones,5,Retail Store,61500,12300,Saturday
37,Accessories,CUST0066,Weekday,Chattogram,Female,2023,Qtr 1,March,7,ORD-00441,Headphones,3,Online,36900,12300,Tuesday
37,Accessories,CUST0066,Weekday,Chattogram,Female,2023,Qtr 3,August,1,ORD-00945,Headphones,3,Online,36900,12300,Tuesday
37,Accessories,CUST0066,Weekday,Chattogram,Female,2023,Qtr 4,October,17,ORD-00667,Mouse,3,Corporate Sales,11070,3690,Tuesday
19,Accessories,CUST0067,Weekday,Sylhet,Female,2024,Qtr 1,February,8,ORD-01428,Mouse,3,Online,11070,3690,Thursday
19,Accessories,CUST0067,Weekday,Sylhet,Female,2024,Qtr 4,December,23,ORD-01598,Headphones,4,Retail Store,49200,12300,Monday
64,Accessories,CUST0068,Weekday,Dhaka,Male,2023,Qtr 3,July,2,ORD-00980,Keyboard,5,Marketplace,30750,6150,Sunday
64,Accessories,CUST0068,Weekday,Dhaka,Male,2023,Qtr 3,July,31,ORD-00946,Mouse,1,Online,3690,3690,Monday
66,Accessories,CUST0069,Weekday,Chattogram,TIE - Review,2023,Qtr 3,September,19,ORD-00918,Headphones,2,Online,24600,12300,Tuesday
66,Accessories,CUST0069,Weekday,Chattogram,TIE - Review,2023,Qtr 4,December,7,ORD-00147,Headphones,3,Corporate Sales,36900,12300,Thursday
66,Accessories,CUST0069,Weekday,Chattogram,TIE - Review,2024,Qtr 3,September,17,ORD-01195,Mouse,1,Marketplace,3690,3690,Tuesday
23,Accessories,CUST0070,Weekday,Mymensingh,Male,2024,Qtr 2,June,17,ORD-01434,Mouse,2,Retail Store,7380,3690,Monday
23,Accessories,CUST0070,Weekday,Mymensingh,Male,2024,Qtr 3,August,29,ORD-01486,Mouse,5,Retail Store,18450,3690,Thursday
46,Accessories,CUST0071,Weekday,Dhaka,TIE - Review,2023,Qtr 2,April,11,ORD-00261,Mouse,4,Corporate Sales,14760,3690,Tuesday
46,Accessories,CUST0071,Weekday,Dhaka,TIE - Review,2023,Qtr 3,August,2,ORD-00542,Headphones,5,Marketplace,61500,12300,Wednesday
46,Accessories,CUST0071,Weekday,Dhaka,TIE - Review,2023,Qtr 4,December,4,ORD-00526,Headphones,1,Online,12300,12300,Monday
46,Accessories,CUST0071,Weekday,Dhaka,TIE - Review,2024,Qtr 1,March,11,ORD-01172,Keyboard,2,Marketplace,12300,6150,Monday
21,Accessories,CUST0072,Weekday,Khulna,Male,2023,Qtr 3,September,13,ORD-00643,Headphones,4,Corporate Sales,49200,12300,Wednesday
21,Accessories,CUST0072,Weekend,Khulna,Male,2023,Qtr 3,September,2,ORD-00188,Headphones,1,Marketplace,12300,12300,Saturday
19,Accessories,CUST0073,Weekday,Dhaka,Male,2023,Qtr 1,February,14,ORD-00043,Keyboard,4,Marketplace,24600,6150,Tuesday
19,Accessories,CUST0073,Weekend,Dhaka,Male,2024,Qtr 2,May,18,ORD-01400,Keyboard,2,Corporate Sales,12300,6150,Saturday
56,Accessories,CUST0075,Weekend,Sylhet,Female,2023,Qtr 2,June,23,ORD-00368,Mouse,5,Corporate Sales,18450,3690,Friday
26,Accessories,CUST0076,Weekday,Dhaka,Male,2023,Qtr 4,October,24,ORD-00184,Headphones,5,Corporate Sales,61500,12300,Tuesday
26,Accessories,CUST0076,Weekday,Dhaka,Male,2023,Qtr 4,October,26,ORD-00854,Mouse,1,Marketplace,3690,3690,Thursday
26,Accessories,CUST0076,Weekday,Dhaka,Male,2023,Qtr 4,December,12,ORD-00499,Headphones,2,Retail Store,24600,12300,Tuesday
26,Accessories,CUST0076,Weekday,Dhaka,Male,2024,Qtr 2,April,24,ORD-01023,Keyboard,1,Marketplace,6150,6150,Wednesday
26,Accessories,CUST0076,Weekday,Dhaka,Male,2024,Qtr 3,September,9,ORD-01202,Keyboard,4,Marketplace,24600,6150,Monday
26,Accessories,CUST0076,Weekday,Dhaka,Male,2024,Qtr 4,October,20,ORD-01168,Mouse,2,Online,7380,3690,Sunday
26,Accessories,CUST0076,Weekend,Dhaka,Male,2024,Qtr 4,December,27,ORD-01734,Headphones,2,Online,24600,12300,Friday
50,Accessories,CUST0077,Weekday,Chattogram,Male,2023,Qtr 1,March,9,ORD-00717,Mouse,4,Marketplace,14760,3690,Thursday
50,Accessories,CUST0077,Weekday,Chattogram,Male,2023,Qtr 1,March,19,ORD-00073,Keyboard,5,Corporate Sales,30750,6150,Sunday
50,Accessories,CUST0077,Weekday,Chattogram,Male,2024,Qtr 2,April,30,ORD-01427,Headphones,3,Retail Store,36900,12300,Tuesday
50,Accessories,CUST0077,Weekend,Chattogram,Male,2024,Qtr 4,December,7,ORD-01815,Headphones,1,Retail Store,12300,12300,Saturday
38,Accessories,CUST0078,Weekday,Rangpur,Female,2023,Qtr 4,December,26,ORD-00644,Keyboard,4,Corporate Sales,24600,6150,Tuesday
26,Accessories,CUST0079,Weekday,Dhaka,Male,2023,Qtr 2,June,13,ORD-00766,Keyboard,2,Corporate Sales,12300,6150,Tuesday
51,Accessories,CUST0080,Weekday,Khulna,Male,2024,Qtr 1,January,7,ORD-01782,Mouse,5,Corporate Sales,18450,3690,Sunday
51,Accessories,CUST0080,Weekday,Khulna,Male,2024,Qtr 2,June,20,ORD-01956,Keyboard,2,Corporate Sales,12300,6150,Thursday
51,Accessories,CUST0080,Weekend,Khulna,Male,2023,Qtr 2,May,27,ORD-00197,Headphones,1,Retail Store,12300,12300,Saturday
51,Accessories,CUST0080,Weekend,Khulna,Male,2024,Qtr 3,September,6,ORD-01917,Keyboard,5,Retail Store,30750,6150,Friday
38,Accessories,CUST0081,Weekend,Barishal,Male,2024,Qtr 4,October,4,ORD-01245,Mouse,5,Retail Store,18450,3690,Friday
30,Accessories,CUST0082,Weekday,Dhaka,Female,2024,Qtr 2,May,19,ORD-01922,Mouse,2,Online,7380,3690,Sunday
28,Accessories,CUST0083,Weekday,Rajshahi,Male,2023,Qtr 3,September,14,ORD-00202,Keyboard,2,Online,12300,6150,Thursday
28,Accessories,CUST0083,Weekday,Rajshahi,Male,2024,Qtr 1,February,14,ORD-01928,Mouse,2,Online,7380,3690,Wednesday
28,Accessories,CUST0083,Weekday,Rajshahi,Male,2024,Qtr 2,April,24,ORD-01879,Headphones,3,Retail Store,36900,12300,Wednesday
28,Accessories,CUST0083,Weekday,Rajshahi,Male,2024,Qtr 3,July,23,ORD-01346,Headphones,3,Marketplace,36900,12300,Tuesday
28,Accessories,CUST0083,Weekday,Rajshahi,Male,2024,Qtr 3,July,24,ORD-01683,Mouse,2,Marketplace,7380,3690,Wednesday
18,Accessories,CUST0085,Weekday,Chattogram,Male,2023,Qtr 1,January,5,ORD-00909,Keyboard,5,Corporate Sales,30750,6150,Thursday
26,Accessories,CUST0086,Weekend,Sylhet,Male,2024,Qtr 3,August,24,ORD-01945,Headphones,2,Marketplace,24600,12300,Saturday
49,Accessories,CUST0087,Weekday,Dhaka,Female,2023,Qtr 1,February,5,ORD-00700,Mouse,2,Retail Store,7380,3690,Sunday
49,Accessories,CUST0087,Weekday,Dhaka,Female,2023,Qtr 2,May,8,ORD-00756,Headphones,2,Retail Store,24600,12300,Monday
66,Accessories,CUST0088,Weekday,Khulna,TIE - Review,2023,Qtr 2,June,8,ORD-00528,Headphones,5,Marketplace,61500,12300,Thursday
27,Accessories,CUST0089,Weekday,Mymensingh,Female,2023,Qtr 3,September,19,ORD-00152,Mouse,3,Retail Store,11070,3690,Tuesday
61,Accessories,CUST0090,Weekday,Dhaka,Male,2024,Qtr 3,September,1,ORD-01900,Headphones,4,Online,49200,12300,Sunday
61,Accessories,CUST0090,Weekend,Dhaka,Male,2024,Qtr 1,March,15,ORD-01320,Headphones,5,Marketplace,61500,12300,Friday
30,Accessories,CUST0091,Weekday,Rajshahi,TIE - Review,2023,Qtr 2,April,19,ORD-00089,Mouse,1,Online,3690,3690,Wednesday
30,Accessories,CUST0091,Weekday,Rajshahi,TIE - Review,2023,Qtr 2,June,1,ORD-00551,Headphones,1,Retail Store,12300,12300,Thursday
30,Accessories,CUST0091,Weekday,Rajshahi,TIE - Review,2023,Qtr 3,August,14,ORD-00698,Mouse,3,Online,11070,3690,Monday
30,Accessories,CUST0091,Weekday,Rajshahi,TIE - Review,2023,Qtr 4,December,14,ORD-00440,Keyboard,1,Corporate Sales,6150,6150,Thursday
30,Accessories,CUST0091,Weekday,Rajshahi,TIE - Review,2024,Qtr 4,December,11,ORD-01166,Headphones,5,Marketplace,61500,12300,Wednesday
30,Accessories,CUST0091,Weekday,Rajshahi,TIE - Review,2024,Qtr 4,December,15,ORD-01147,Mouse,4,Online,14760,3690,Sunday
30,Accessories,CUST0091,Weekday,Rajshahi,TIE - Review,2024,Qtr 4,December,31,ORD-01660,Keyboard,5,Corporate Sales,30750,6150,Tuesday
30,Accessories,CUST0091,Weekend,Rajshahi,TIE - Review,2023,Qtr 1,March,18,ORD-00775,Headphones,2,Marketplace,24600,12300,Saturday
30,Accessories,CUST0091,Weekend,Rajshahi,TIE - Review,2024,Qtr 4,October,11,ORD-01813,Keyboard,3,Corporate Sales,18450,6150,Friday
32,Accessories,CUST0092,Weekday,Dhaka,Female,2023,Qtr 4,November,6,ORD-00289,Mouse,5,Marketplace,18450,3690,Monday
32,Accessories,CUST0092,Weekday,Dhaka,Female,2024,Qtr 4,November,6,ORD-01080,Mouse,3,Retail Store,11070,3690,Wednesday
32,Accessories,CUST0092,Weekend,Dhaka,Female,2024,Qtr 3,August,16,ORD-01102,Headphones,2,Online,24600,12300,Friday
66,Accessories,CUST0093,Weekday,Chattogram,TIE - Review,2024,Qtr 3,July,10,ORD-01389,Keyboard,5,Online,30750,6150,Wednesday
66,Accessories,CUST0093,Weekend,Chattogram,TIE - Review,2024,Qtr 2,May,24,ORD-01470,Mouse,1,Marketplace,3690,3690,Friday
30,Accessories,CUST0094,Weekday,Sylhet,Male,2024,Qtr 1,January,31,ORD-01027,Mouse,4,Retail Store,14760,3690,Wednesday
30,Accessories,CUST0094,Weekday,Sylhet,Male,2024,Qtr 2,April,21,ORD-01871,Headphones,5,Corporate Sales,61500,12300,Sunday
30,Accessories,CUST0094,Weekday,Sylhet,Male,2024,Qtr 3,July,9,ORD-01255,Headphones,5,Corporate Sales,61500,12300,Tuesday
30,Accessories,CUST0094,Weekend,Sylhet,Male,2023,Qtr 4,December,22,ORD-00642,Headphones,4,Marketplace,49200,12300,Friday
30,Accessories,CUST0094,Weekend,Sylhet,Male,2024,Qtr 2,April,12,ORD-01227,Keyboard,5,Retail Store,30750,6150,Friday
60,Accessories,CUST0095,Weekday,Dhaka,Female,2023,Qtr 1,January,25,ORD-00431,Mouse,3,Online,11070,3690,Wednesday
60,Accessories,CUST0095,Weekday,Dhaka,Female,2023,Qtr 4,December,19,ORD-00585,Keyboard,5,Retail Store,30750,6150,Tuesday
60,Accessories,CUST0095,Weekday,Dhaka,Female,2024,Qtr 3,September,2,ORD-01595,Keyboard,5,Marketplace,30750,6150,Monday
60,Accessories,CUST0095,Weekend,Dhaka,Female,2024,Qtr 4,November,16,ORD-00444,Keyboard,3,Online,18450,6150,Saturday
61,Accessories,CUST0096,Weekend,Chattogram,Female,2024,Qtr 1,February,17,ORD-01921,Mouse,3,Marketplace,11070,3690,Saturday
61,Accessories,CUST0096,Weekend,Chattogram,Female,2024,Qtr 4,November,15,ORD-01152,Headphones,1,Marketplace,12300,12300,Friday
34,Accessories,CUST0097,Weekday,Rangpur,TIE - Review,2024,Qtr 2,June,10,ORD-01100,Headphones,5,Corporate Sales,61500,12300,Monday
57,Accessories,CUST0098,Weekday,Dhaka,Female,2023,Qtr 1,February,28,ORD-00410,Headphones,4,Retail Store,49200,12300,Tuesday
57,Accessories,CUST0098,Weekend,Dhaka,Female,2024,Qtr 4,November,22,ORD-01581,Mouse,2,Retail Store,7380,3690,Friday
26,Accessories,CUST0099,Weekday,Khulna,TIE - Review,2024,Qtr 2,May,15,ORD-01903,Mouse,1,Retail Store,3690,3690,Wednesday
26,Accessories,CUST0099,Weekday,Khulna,TIE - Review,2024,Qtr 4,November,24,ORD-01106,Headphones,5,Marketplace,61500,12300,Sunday
29,Accessories,CUST0100,Weekday,Dhaka,Male,2024,Qtr 1,January,25,ORD-01834,Headphones,2,Online,24600,12300,Thursday
29,Accessories,CUST0100,Weekday,Dhaka,Male,2024,Qtr 2,May,28,ORD-01384,Headphones,4,Marketplace,49200,12300,Tuesday
29,Accessories,CUST0100,Weekday,Dhaka,Male,2024,Qtr 2,June,18,ORD-01191,Keyboard,3,Retail Store,18450,6150,Tuesday
29,Accessories,CUST0100,Weekday,Dhaka,Male,2024,Qtr 3,August,25,ORD-01287,Mouse,1,Marketplace,3690,3690,Sunday
29,Accessories,CUST0100,Weekend,Dhaka,Male,2023,Qtr 2,April,14,ORD-00212,Keyboard,2,Retail Store,12300,6150,Friday
53,Accessories,CUST0101,Weekday,Chattogram,Female,2023,Qtr 4,December,4,ORD-00796,Headphones,3,Corporate Sales,36900,12300,Monday
53,Accessories,CUST0101,Weekday,Chattogram,Female,2024,Qtr 4,November,6,ORD-01561,Headphones,3,Corporate Sales,36900,12300,Wednesday
23,Accessories,CUST0103,Weekday,Dhaka,TIE - Review,2023,Qtr 2,April,10,ORD-00400,Keyboard,5,Online,30750,6150,Monday
23,Accessories,CUST0103,Weekday,Dhaka,TIE - Review,2024,Qtr 3,September,19,ORD-01936,Mouse,1,Retail Store,3690,3690,Thursday
23,Accessories,CUST0103,Weekend,Dhaka,TIE - Review,2023,Qtr 3,July,15,ORD-00538,Mouse,2,Retail Store,7380,3690,Saturday
40,Accessories,CUST0104,Weekday,Chattogram,Male,2023,Qtr 4,October,19,ORD-00763,Keyboard,4,Retail Store,24600,6150,Thursday
40,Accessories,CUST0104,Weekday,Chattogram,Male,2024,Qtr 3,August,22,ORD-01637,Keyboard,1,Online,6150,6150,Thursday
40,Accessories,CUST0104,Weekday,Chattogram,Male,2024,Qtr 3,September,17,ORD-01756,Headphones,3,Online,36900,12300,Tuesday
40,Accessories,CUST0104,Weekday,Chattogram,Male,2024,Qtr 4,December,9,ORD-01859,Headphones,2,Online,24600,12300,Monday
40,Accessories,CUST0104,Weekend,Chattogram,Male,2023,Qtr 2,June,17,ORD-00749,Keyboard,4,Marketplace,24600,6150,Saturday
40,Accessories,CUST0104,Weekend,Chattogram,Male,2024,Qtr 1,February,24,ORD-01029,Headphones,4,Corporate Sales,49200,12300,Saturday
27,Accessories,CUST0105,Weekday,Rangpur,Male,2023,Qtr 1,March,13,ORD-00226,Headphones,3,Online,36900,12300,Monday
27,Accessories,CUST0105,Weekday,Rangpur,Male,2023,Qtr 4,December,31,ORD-00501,Keyboard,5,Online,30750,6150,Sunday
27,Accessories,CUST0105,Weekday,Rangpur,Male,2024,Qtr 3,September,25,ORD-01761,Keyboard,4,Online,24600,6150,Wednesday
27,Accessories,CUST0105,Weekend,Rangpur,Male,2023,Qtr 4,October,21,ORD-00389,Headphones,2,Retail Store,24600,12300,Saturday
27,Accessories,CUST0105,Weekend,Rangpur,Male,2024,Qtr 1,March,8,ORD-01883,Keyboard,5,Corporate Sales,30750,6150,Friday
50,Accessories,CUST0106,Weekday,Dhaka,Female,2023,Qtr 4,December,7,ORD-00676,Headphones,3,Marketplace,36900,12300,Thursday
50,Accessories,CUST0106,Weekday,Dhaka,Female,2024,Qtr 2,May,2,ORD-01093,Mouse,1,Retail Store,3690,3690,Thursday
50,Accessories,CUST0106,Weekend,Dhaka,Female,2023,Qtr 2,June,30,ORD-00266,Mouse,5,Online,18450,3690,Friday
50,Accessories,CUST0106,Weekend,Dhaka,Female,2024,Qtr 3,July,26,ORD-01374,Mouse,1,Marketplace,3690,3690,Friday
67,Accessories,CUST0107,Weekday,Khulna,Male,2023,Qtr 2,June,8,ORD-00726,Headphones,5,Corporate Sales,61500,12300,Thursday
67,Accessories,CUST0107,Weekend,Khulna,Male,2023,Qtr 4,November,3,ORD-00671,Keyboard,5,Corporate Sales,30750,6150,Friday
57,Accessories,CUST0109,Weekday,Dhaka,Male,2023,Qtr 1,February,16,ORD-00219,Keyboard,3,Retail Store,18450,6150,Thursday
57,Accessories,CUST0109,Weekday,Dhaka,Male,2023,Qtr 1,March,12,ORD-00200,Mouse,1,Online,3690,3690,Sunday
57,Accessories,CUST0109,Weekday,Dhaka,Male,2024,Qtr 2,April,24,ORD-01656,Mouse,1,Online,3690,3690,Wednesday
57,Accessories,CUST0109,Weekday,Dhaka,Male,2024,Qtr 2,May,21,ORD-01927,Headphones,1,Marketplace,12300,12300,Tuesday
57,Accessories,CUST0109,Weekday,Dhaka,Male,2024,Qtr 4,October,13,ORD-01669,Headphones,4,Marketplace,49200,12300,Sunday
57,Accessories,CUST0109,Weekday,Dhaka,Male,2024,Qtr 4,December,23,ORD-01610,Mouse,3,Online,11070,3690,Monday
33,Accessories,CUST0112,Weekend,Chattogram,Male,2024,Qtr 3,July,26,ORD-01797,Headphones,4,Retail Store,49200,12300,Friday
38,Accessories,CUST0113,Weekday,Sylhet,TIE - Review,2023,Qtr 1,January,26,ORD-00853,Keyboard,4,Corporate Sales,24600,6150,Thursday
38,Accessories,CUST0113,Weekday,Sylhet,TIE - Review,2024,Qtr 3,September,25,ORD-01543,Keyboard,2,Online,12300,6150,Wednesday
38,Accessories,CUST0113,Weekday,Sylhet,TIE - Review,2024,Qtr 4,December,5,ORD-01310,Headphones,3,Online,36900,12300,Thursday
60,Accessories,CUST0114,Weekday,Dhaka,Male,2023,Qtr 1,February,6,ORD-00304,Keyboard,1,Retail Store,6150,6150,Monday
60,Accessories,CUST0114,Weekday,Dhaka,Male,2024,Qtr 1,January,9,ORD-01566,Mouse,2,Marketplace,7380,3690,Tuesday
60,Accessories,CUST0114,Weekday,Dhaka,Male,2024,Qtr 2,May,27,ORD-01634,Keyboard,3,Marketplace,18450,6150,Monday
60,Accessories,CUST0114,Weekend,Dhaka,Male,2024,Qtr 1,February,9,ORD-01209,Mouse,4,Corporate Sales,14760,3690,Friday
53,Accessories,CUST0115,Weekday,Khulna,Male,2023,Qtr 2,April,25,ORD-00888,Mouse,3,Retail Store,11070,3690,Tuesday
53,Accessories,CUST0115,Weekend,Khulna,Male,2023,Qtr 3,July,22,ORD-00245,Headphones,5,Corporate Sales,61500,12300,Saturday
20,Accessories,CUST0116,Weekday,Mymensingh,Male,2023,Qtr 1,January,5,ORD-00861,Mouse,1,Marketplace,3690,3690,Thursday
20,Accessories,CUST0116,Weekday,Mymensingh,Male,2023,Qtr 1,January,23,ORD-00210,Headphones,2,Retail Store,24600,12300,Monday
20,Accessories,CUST0116,Weekday,Mymensingh,Male,2024,Qtr 1,January,7,ORD-01796,Headphones,3,Online,36900,12300,Sunday
20,Accessories,CUST0116,Weekend,Mymensingh,Male,2023,Qtr 3,September,30,ORD-00807,Mouse,3,Marketplace,11070,3690,Saturday
20,Accessories,CUST0116,Weekend,Mymensingh,Male,2024,Qtr 2,May,11,ORD-01345,Keyboard,5,Online,30750,6150,Saturday
20,Accessories,CUST0116,Weekend,Mymensingh,Male,2024,Qtr 2,June,29,ORD-01527,Headphones,2,Retail Store,24600,12300,Saturday
22,Accessories,CUST0117,Weekday,Dhaka,TIE - Review,2023,Qtr 1,January,25,ORD-00668,Mouse,5,Marketplace,18450,3690,Wednesday
22,Accessories,CUST0117,Weekday,Dhaka,TIE - Review,2023,Qtr 3,July,20,ORD-00724,Headphones,3,Retail Store,36900,12300,Thursday
23,Accessories,CUST0118,Weekday,Rajshahi,Male,2023,Qtr 1,January,16,ORD-00826,Keyboard,1,Marketplace,6150,6150,Monday
35,Accessories,CUST0120,Weekday,Chattogram,TIE - Review,2023,Qtr 1,January,30,ORD-00855,Keyboard,3,Retail Store,18450,6150,Monday
35,Accessories,CUST0120,Weekday,Chattogram,TIE - Review,2023,Qtr 3,July,23,ORD-00801,Headphones,4,Online,49200,12300,Sunday
35,Accessories,CUST0120,Weekday,Chattogram,TIE - Review,2024,Qtr 2,June,17,ORD-01048,Mouse,3,Marketplace,11070,3690,Monday
35,Accessories,CUST0120,Weekend,Chattogram,TIE - Review,2024,Qtr 3,July,26,ORD-01373,Keyboard,2,Marketplace,12300,6150,Friday
66,Accessories,CUST0121,Weekday,Sylhet,Female,2023,Qtr 4,December,12,ORD-00939,Keyboard,3,Marketplace,18450,6150,Tuesday
66,Accessories,CUST0121,Weekend,Sylhet,Female,2024,Qtr 2,May,4,ORD-01196,Headphones,2,Marketplace,24600,12300,Saturday
68,Accessories,CUST0122,Weekday,Dhaka,Male,2023,Qtr 3,August,16,ORD-00879,Keyboard,2,Retail Store,12300,6150,Wednesday
68,Accessories,CUST0122,Weekday,Dhaka,Male,2023,Qtr 4,November,29,ORD-00519,Headphones,4,Marketplace,49200,12300,Wednesday
68,Accessories,CUST0122,Weekday,Dhaka,Male,2023,Qtr 4,December,13,ORD-00051,Headphones,2,Corporate Sales,24600,12300,Wednesday
68,Accessories,CUST0122,Weekday,Dhaka,Male,2024,Qtr 1,February,12,ORD-01370,Mouse,4,Online,14760,3690,Monday
52,Accessories,CUST0123,Weekend,Chattogram,Male,2024,Qtr 1,January,12,ORD-01745,Headphones,4,Corporate Sales,49200,12300,Friday
53,Accessories,CUST0124,Weekday,Rangpur,Female,2024,Qtr 2,May,7,ORD-01171,Headphones,4,Online,49200,12300,Tuesday
53,Accessories,CUST0124,Weekday,Rangpur,Female,2024,Qtr 4,November,27,ORD-01278,Keyboard,1,Online,6150,6150,Wednesday
53,Accessories,CUST0124,Weekend,Rangpur,Female,2023,Qtr 2,June,2,ORD-00744,Headphones,5,Retail Store,61500,12300,Friday
66,Accessories,CUST0126,Weekday,Khulna,Male,2023,Qtr 4,October,16,ORD-00345,Mouse,2,Marketplace,7380,3690,Monday
66,Accessories,CUST0126,Weekday,Khulna,Male,2023,Qtr 4,December,24,ORD-00906,Headphones,5,Corporate Sales,61500,12300,Sunday
66,Accessories,CUST0126,Weekday,Khulna,Male,2024,Qtr 2,June,5,ORD-01766,Keyboard,1,Marketplace,6150,6150,Wednesday
66,Accessories,CUST0126,Weekend,Khulna,Male,2023,Qtr 2,June,3,ORD-00900,Keyboard,4,Online,24600,6150,Saturday
66,Accessories,CUST0126,Weekend,Khulna,Male,2024,Qtr 1,January,26,ORD-01739,Headphones,5,Online,61500,12300,Friday
66,Accessories,CUST0126,Weekend,Khulna,Male,2024,Qtr 3,September,28,ORD-00997,Mouse,1,Corporate Sales,3690,3690,Saturday
62,Accessories,CUST0127,Weekday,Barishal,Male,2023,Qtr 4,November,1,ORD-00413,Headphones,2,Online,24600,12300,Wednesday
62,Accessories,CUST0127,Weekday,Barishal,Male,2024,Qtr 2,June,27,ORD-01558,Keyboard,5,Corporate Sales,30750,6150,Thursday
52,Accessories,CUST0128,Weekday,Chattogram,Female,2024,Qtr 1,January,10,ORD-01193,Mouse,1,Retail Store,3690,3690,Wednesday
52,Accessories,CUST0128,Weekday,Chattogram,Female,2024,Qtr 3,August,6,ORD-01468,Mouse,1,Retail Store,3690,3690,Tuesday
52,Accessories,CUST0128,Weekday,Chattogram,Female,2024,Qtr 3,August,26,ORD-01338,Keyboard,4,Corporate Sales,24600,6150,Monday
66,Accessories,CUST0129,Weekday,Rajshahi,Male,2023,Qtr 2,May,7,ORD-00285,Mouse,2,Retail Store,7380,3690,Sunday
66,Accessories,CUST0129,Weekday,Rajshahi,Male,2024,Qtr 1,January,30,ORD-01818,Headphones,5,Online,61500,12300,Tuesday
66,Accessories,CUST0129,Weekday,Rajshahi,Male,2024,Qtr 3,July,3,ORD-01837,Keyboard,2,Online,12300,6150,Wednesday
68,Accessories,CUST0130,Weekday,Dhaka,Male,2023,Qtr 1,February,2,ORD-00462,Keyboard,3,Corporate Sales,18450,6150,Thursday
68,Accessories,CUST0130,Weekday,Dhaka,Male,2024,Qtr 2,May,1,ORD-01439,Keyboard,5,Online,30750,6150,Wednesday
68,Accessories,CUST0130,Weekday,Dhaka,Male,2024,Qtr 4,November,18,ORD-01126,Keyboard,3,Marketplace,18450,6150,Monday
68,Accessories,CUST0130,Weekend,Dhaka,Male,2023,Qtr 4,December,9,ORD-00847,Headphones,4,Marketplace,49200,12300,Saturday
68,Accessories,CUST0130,Weekend,Dhaka,Male,2024,Qtr 2,April,27,ORD-01425,Keyboard,1,Corporate Sales,6150,6150,Saturday
68,Accessories,CUST0130,Weekend,Dhaka,Male,2024,Qtr 3,August,24,ORD-01767,Mouse,4,Marketplace,14760,3690,Saturday
67,Accessories,CUST0131,Weekday,Chattogram,Female,2023,Qtr 2,May,18,ORD-00485,Keyboard,5,Retail Store,30750,6150,Thursday
67,Accessories,CUST0131,Weekday,Chattogram,Female,2023,Qtr 2,June,8,ORD-00899,Mouse,1,Corporate Sales,3690,3690,Thursday
67,Accessories,CUST0131,Weekday,Chattogram,Female,2024,Qtr 1,February,20,ORD-01800,Headphones,2,Online,24600,12300,Tuesday
67,Accessories,CUST0131,Weekday,Chattogram,Female,2024,Qtr 3,August,29,ORD-01383,Mouse,1,Online,3690,3690,Thursday
67,Accessories,CUST0131,Weekend,Chattogram,Female,2024,Qtr 4,December,13,ORD-01544,Headphones,5,Online,61500,12300,Friday
47,Accessories,CUST0133,Weekday,Dhaka,Male,2023,Qtr 3,July,9,ORD-00267,Headphones,3,Retail Store,36900,12300,Sunday
47,Accessories,CUST0133,Weekday,Dhaka,Male,2024,Qtr 3,July,15,ORD-01771,Mouse,5,Corporate Sales,18450,3690,Monday
58,Accessories,CUST0134,Weekday,Khulna,Male,2024,Qtr 4,November,13,ORD-01011,Mouse,3,Retail Store,11070,3690,Wednesday
58,Accessories,CUST0134,Weekend,Khulna,Male,2023,Qtr 1,February,11,ORD-00812,Keyboard,4,Retail Store,24600,6150,Saturday
58,Accessories,CUST0134,Weekend,Khulna,Male,2024,Qtr 3,August,31,ORD-01020,Mouse,3,Online,11070,3690,Saturday
41,Accessories,CUST0135,Weekday,Barishal,Male,2024,Qtr 1,March,27,ORD-01511,Keyboard,1,Marketplace,6150,6150,Wednesday
41,Accessories,CUST0135,Weekday,Barishal,Male,2024,Qtr 3,September,5,ORD-01877,Headphones,4,Online,49200,12300,Thursday
41,Accessories,CUST0135,Weekday,Barishal,Male,2024,Qtr 4,November,14,ORD-01851,Headphones,2,Corporate Sales,24600,12300,Thursday
36,Accessories,CUST0136,Weekday,Dhaka,Female,2023,Qtr 3,July,9,ORD-00742,Keyboard,4,Corporate Sales,24600,6150,Sunday
36,Accessories,CUST0136,Weekday,Dhaka,Female,2023,Qtr 4,October,17,ORD-00470,Mouse,5,Marketplace,18450,3690,Tuesday
36,Accessories,CUST0136,Weekend,Dhaka,Female,2023,Qtr 4,November,11,ORD-00483,Mouse,5,Corporate Sales,18450,3690,Saturday
19,Accessories,CUST0137,Weekday,Rajshahi,Female,2024,Qtr 1,February,28,ORD-01103,Headphones,2,Corporate Sales,24600,12300,Wednesday
19,Accessories,CUST0137,Weekday,Rajshahi,Female,2024,Qtr 2,April,30,ORD-01887,Headphones,1,Online,12300,12300,Tuesday
19,Accessories,CUST0137,Weekday,Rajshahi,Female,2024,Qtr 4,November,27,ORD-01223,Headphones,5,Retail Store,61500,12300,Wednesday
19,Accessories,CUST0137,Weekend,Rajshahi,Female,2024,Qtr 2,June,14,ORD-01495,Headphones,1,Marketplace,12300,12300,Friday
46,Accessories,CUST0138,Weekday,Dhaka,TIE - Review,2023,Qtr 1,March,16,ORD-00135,Keyboard,3,Retail Store,18450,6150,Thursday
46,Accessories,CUST0138,Weekday,Dhaka,TIE - Review,2024,Qtr 1,February,18,ORD-01823,Keyboard,1,Marketplace,6150,6150,Sunday
57,Accessories,CUST0139,Weekend,Chattogram,Male,2023,Qtr 1,January,7,ORD-00583,Mouse,5,Retail Store,18450,3690,Saturday
50,Accessories,CUST0140,Weekday,Sylhet,Male,2023,Qtr 1,January,5,ORD-00932,Mouse,3,Marketplace,11070,3690,Thursday
50,Accessories,CUST0140,Weekday,Sylhet,Male,2023,Qtr 1,March,8,ORD-00151,Headphones,2,Marketplace,24600,12300,Wednesday
50,Accessories,CUST0140,Weekday,Sylhet,Male,2024,Qtr 2,May,29,ORD-01420,Keyboard,3,Corporate Sales,18450,6150,Wednesday
50,Accessories,CUST0140,Weekend,Sylhet,Male,2024,Qtr 4,November,9,ORD-01451,Headphones,1,Corporate Sales,12300,12300,Saturday
58,Accessories,CUST0141,Weekday,Dhaka,TIE - Review,2023,Qtr 4,October,3,ORD-00160,Mouse,1,Online,3690,3690,Tuesday
32,Accessories,CUST0142,Weekday,Chattogram,Male,2023,Qtr 1,January,1,ORD-00986,Headphones,5,Marketplace,61500,12300,Sunday
32,Accessories,CUST0142,Weekday,Chattogram,Male,2023,Qtr 2,June,28,ORD-00552,Keyboard,5,Retail Store,30750,6150,Wednesday
32,Accessories,CUST0142,Weekday,Chattogram,Male,2024,Qtr 1,February,21,ORD-01677,Keyboard,5,Marketplace,30750,6150,Wednesday
32,Accessories,CUST0142,Weekday,Chattogram,Male,2024,Qtr 4,November,4,ORD-01024,Keyboard,4,Corporate Sales,24600,6150,Monday
32,Accessories,CUST0142,Weekday,Chattogram,Male,2024,Qtr 4,November,24,ORD-01730,Headphones,3,Retail Store,36900,12300,Sunday
54,Accessories,CUST0144,Weekday,Dhaka,Female,2023,Qtr 1,February,13,ORD-00927,Mouse,4,Marketplace,14760,3690,Monday
54,Accessories,CUST0144,Weekday,Dhaka,Female,2024,Qtr 3,July,22,ORD-01593,Mouse,4,Online,14760,3690,Monday
54,Accessories,CUST0144,Weekday,Dhaka,Female,2024,Qtr 4,December,22,ORD-01670,Keyboard,1,Corporate Sales,6150,6150,Sunday
54,Accessories,CUST0144,Weekend,Dhaka,Female,2024,Qtr 3,September,28,ORD-01144,Keyboard,2,Retail Store,12300,6150,Saturday
51,Accessories,CUST0145,Weekday,Rajshahi,Male,2024,Qtr 4,October,17,ORD-01351,Headphones,2,Retail Store,24600,12300,Thursday
51,Accessories,CUST0145,Weekend,Rajshahi,Male,2023,Qtr 1,January,14,ORD-00612,Headphones,4,Corporate Sales,49200,12300,Saturday
51,Accessories,CUST0145,Weekend,Rajshahi,Male,2023,Qtr 4,December,8,ORD-00727,Headphones,4,Retail Store,49200,12300,Friday
47,Accessories,CUST0146,Weekday,Dhaka,TIE - Review,2024,Qtr 4,December,15,ORD-01819,Mouse,4,Retail Store,14760,3690,Sunday
64,Accessories,CUST0147,Weekday,Chattogram,Male,2024,Qtr 1,February,28,ORD-01583,Mouse,2,Online,7380,3690,Wednesday
64,Accessories,CUST0147,Weekday,Chattogram,Male,2024,Qtr 1,March,26,ORD-01930,Mouse,2,Corporate Sales,7380,3690,Tuesday
64,Accessories,CUST0147,Weekday,Chattogram,Male,2024,Qtr 4,December,17,ORD-01405,Headphones,4,Corporate Sales,49200,12300,Tuesday
64,Accessories,CUST0147,Weekend,Chattogram,Male,2024,Qtr 3,August,2,ORD-01843,Mouse,4,Corporate Sales,14760,3690,Friday
67,Accessories,CUST0148,Weekday,Sylhet,Male,2023,Qtr 1,February,20,ORD-00771,Mouse,4,Corporate Sales,14760,3690,Monday
67,Accessories,CUST0148,Weekday,Sylhet,Male,2023,Qtr 2,June,1,ORD-00286,Headphones,2,Marketplace,24600,12300,Thursday
67,Accessories,CUST0148,Weekday,Sylhet,Male,2023,Qtr 4,October,8,ORD-00518,Keyboard,4,Marketplace,24600,6150,Sunday
67,Accessories,CUST0148,Weekday,Sylhet,Male,2024,Qtr 2,May,7,ORD-01418,Keyboard,4,Retail Store,24600,6150,Tuesday
67,Accessories,CUST0148,Weekend,Sylhet,Male,2023,Qtr 1,March,3,ORD-00315,Keyboard,5,Online,30750,6150,Friday
40,Accessories,CUST0149,Weekday,Dhaka,Male,2023,Qtr 4,November,14,ORD-00631,Mouse,5,Online,18450,3690,Tuesday
40,Accessories,CUST0149,Weekend,Dhaka,Male,2023,Qtr 3,July,14,ORD-00791,Headphones,2,Online,24600,12300,Friday
63,Accessories,CUST0150,Weekend,Chattogram,TIE - Review,2023,Qtr 2,May,6,ORD-00224,Headphones,4,Retail Store,49200,12300,Saturday
63,Accessories,CUST0150,Weekend,Chattogram,TIE - Review,2023,Qtr 3,July,1,ORD-00841,Mouse,5,Marketplace,18450,3690,Saturday
63,Accessories,CUST0150,Weekend,Chattogram,TIE - Review,2024,Qtr 2,June,28,ORD-01716,Mouse,4,Marketplace,14760,3690,Friday
69,Accessories,CUST0152,Weekend,Dhaka,Male,2023,Qtr 2,May,20,ORD-00808,Keyboard,4,Marketplace,24600,6150,Saturday
69,Accessories,CUST0152,Weekend,Dhaka,Male,2023,Qtr 4,October,6,ORD-00375,Mouse,1,Marketplace,3690,3690,Friday
40,Accessories,CUST0153,Weekday,Khulna,Female,2023,Qtr 1,February,2,ORD-00294,Headphones,5,Marketplace,61500,12300,Thursday
40,Accessories,CUST0153,Weekday,Khulna,Female,2023,Qtr 4,November,21,ORD-00506,Mouse,2,Marketplace,7380,3690,Tuesday
40,Accessories,CUST0153,Weekend,Khulna,Female,2024,Qtr 3,September,6,ORD-01349,Keyboard,2,Retail Store,12300,6150,Friday
31,Accessories,CUST0154,Weekday,Barishal,TIE - Review,2023,Qtr 1,February,27,ORD-00044,Keyboard,3,Corporate Sales,18450,6150,Monday
31,Accessories,CUST0154,Weekday,Barishal,TIE - Review,2023,Qtr 3,August,24,ORD-00921,Mouse,1,Marketplace,3690,3690,Thursday
31,Accessories,CUST0154,Weekday,Barishal,TIE - Review,2024,Qtr 1,February,13,ORD-01414,Headphones,2,Online,24600,12300,Tuesday
41,Accessories,CUST0155,Weekday,Chattogram,TIE - Review,2023,Qtr 2,June,12,ORD-00244,Headphones,3,Corporate Sales,36900,12300,Monday
48,Accessories,CUST0157,Weekday,Dhaka,Female,2023,Qtr 2,May,22,ORD-00540,Keyboard,4,Online,24600,6150,Monday
48,Accessories,CUST0157,Weekend,Dhaka,Female,2024,Qtr 4,November,30,ORD-01268,Headphones,5,Corporate Sales,61500,12300,Saturday
51,Accessories,CUST0158,Weekday,Chattogram,Female,2023,Qtr 1,March,20,ORD-00561,Headphones,3,Online,36900,12300,Monday
51,Accessories,CUST0158,Weekday,Chattogram,Female,2024,Qtr 4,November,24,ORD-01535,Mouse,1,Online,3690,3690,Sunday
18,Accessories,CUST0159,Weekday,Rangpur,Male,2023,Qtr 2,June,15,ORD-00008,Keyboard,2,Retail Store,12300,6150,Thursday
18,Accessories,CUST0159,Weekday,Rangpur,Male,2023,Qtr 3,August,13,ORD-00097,Headphones,1,Corporate Sales,12300,12300,Sunday
18,Accessories,CUST0159,Weekday,Rangpur,Male,2023,Qtr 3,September,11,ORD-00095,Keyboard,5,Corporate Sales,30750,6150,Monday
18,Accessories,CUST0159,Weekday,Rangpur,Male,2023,Qtr 4,October,26,ORD-00641,Headphones,2,Online,24600,12300,Thursday
18,Accessories,CUST0159,Weekday,Rangpur,Male,2024,Qtr 1,January,24,ORD-01267,Headphones,2,Marketplace,24600,12300,Wednesday
18,Accessories,CUST0159,Weekend,Rangpur,Male,2024,Qtr 3,August,10,ORD-01721,Mouse,1,Marketplace,3690,3690,Saturday
69,Accessories,CUST0160,Weekend,Dhaka,Male,2023,Qtr 1,February,3,ORD-00773,Keyboard,5,Marketplace,30750,6150,Friday
62,Accessories,CUST0161,Weekday,Khulna,Male,2024,Qtr 2,April,10,ORD-01635,Keyboard,5,Online,30750,6150,Wednesday
62,Accessories,CUST0161,Weekday,Khulna,Male,2024,Qtr 2,May,6,ORD-01886,Headphones,4,Retail Store,49200,12300,Monday
62,Accessories,CUST0161,Weekday,Khulna,Male,2024,Qtr 3,July,8,ORD-01856,Headphones,1,Corporate Sales,12300,12300,Monday
62,Accessories,CUST0161,Weekday,Khulna,Male,2024,Qtr 4,October,27,ORD-01117,Headphones,1,Marketplace,12300,12300,Sunday
69,Accessories,CUST0162,Weekday,Mymensingh,Male,2024,Qtr 3,July,8,ORD-01780,Headphones,3,Retail Store,36900,12300,Monday
69,Accessories,CUST0162,Weekend,Mymensingh,Male,2023,Qtr 2,May,26,ORD-00312,Headphones,1,Online,12300,12300,Friday
22,Accessories,CUST0163,Weekday,Dhaka,Female,2023,Qtr 4,October,12,ORD-00109,Headphones,3,Marketplace,36900,12300,Thursday
22,Accessories,CUST0163,Weekday,Dhaka,Female,2024,Qtr 1,January,23,ORD-01611,Keyboard,5,Marketplace,30750,6150,Tuesday
22,Accessories,CUST0163,Weekday,Dhaka,Female,2024,Qtr 3,August,8,ORD-01246,Keyboard,4,Corporate Sales,24600,6150,Thursday
22,Accessories,CUST0163,Weekday,Dhaka,Female,2024,Qtr 3,September,25,ORD-01825,Keyboard,5,Marketplace,30750,6150,Wednesday
49,Accessories,CUST0165,Weekday,Dhaka,TIE - Review,2023,Qtr 2,May,23,ORD-00207,Keyboard,1,Corporate Sales,6150,6150,Tuesday
49,Accessories,CUST0165,Weekday,Dhaka,TIE - Review,2023,Qtr 4,December,25,ORD-00056,Keyboard,4,Retail Store,24600,6150,Monday
49,Accessories,CUST0165,Weekday,Dhaka,TIE - Review,2024,Qtr 2,May,12,ORD-01388,Headphones,1,Marketplace,12300,12300,Sunday
49,Accessories,CUST0165,Weekday,Dhaka,TIE - Review,2024,Qtr 4,October,30,ORD-01213,Mouse,2,Online,7380,3690,Wednesday
49,Accessories,CUST0165,Weekday,Dhaka,TIE - Review,2024,Qtr 4,December,2,ORD-01104,Keyboard,5,Online,30750,6150,Monday
29,Accessories,CUST0166,Weekday,Chattogram,Female,2023,Qtr 4,November,19,ORD-00910,Mouse,4,Online,14760,3690,Sunday
29,Accessories,CUST0166,Weekday,Chattogram,Female,2024,Qtr 1,March,10,ORD-01266,Headphones,4,Marketplace,49200,12300,Sunday
29,Accessories,CUST0166,Weekday,Chattogram,Female,2024,Qtr 4,October,8,ORD-01722,Keyboard,3,Retail Store,18450,6150,Tuesday
29,Accessories,CUST0166,Weekend,Chattogram,Female,2024,Qtr 2,April,13,ORD-01309,Headphones,5,Online,61500,12300,Saturday
67,Accessories,CUST0167,Weekday,Sylhet,TIE - Review,2023,Qtr 4,December,14,ORD-00059,Headphones,2,Marketplace,24600,12300,Thursday
67,Accessories,CUST0167,Weekday,Sylhet,TIE - Review,2024,Qtr 4,October,29,ORD-01501,Keyboard,1,Corporate Sales,6150,6150,Tuesday
42,Accessories,CUST0168,Weekday,Dhaka,Female,2023,Qtr 1,February,21,ORD-00439,Keyboard,2,Online,12300,6150,Tuesday
42,Accessories,CUST0168,Weekday,Dhaka,Female,2024,Qtr 2,May,13,ORD-01840,Keyboard,3,Corporate Sales,18450,6150,Monday
42,Accessories,CUST0168,Weekday,Dhaka,Female,2024,Qtr 4,November,28,ORD-01364,Headphones,4,Corporate Sales,49200,12300,Thursday
42,Accessories,CUST0168,Weekend,Dhaka,Female,2023,Qtr 2,June,24,ORD-00164,Keyboard,1,Online,6150,6150,Saturday
40,Accessories,CUST0170,Weekday,Mymensingh,TIE - Review,2023,Qtr 4,November,23,ORD-00493,Keyboard,2,Online,12300,6150,Thursday
40,Accessories,CUST0170,Weekday,Mymensingh,TIE - Review,2024,Qtr 3,August,26,ORD-01003,Headphones,5,Retail Store,61500,12300,Monday
40,Accessories,CUST0170,Weekday,Mymensingh,TIE - Review,2024,Qtr 4,October,24,ORD-01907,Headphones,1,Corporate Sales,12300,12300,Thursday
40,Accessories,CUST0170,Weekend,Mymensingh,TIE - Review,2023,Qtr 4,December,22,ORD-00082,Mouse,5,Retail Store,18450,3690,Friday
21,Accessories,CUST0171,Weekend,Dhaka,Male,2023,Qtr 1,January,14,ORD-00607,Headphones,5,Corporate Sales,61500,12300,Saturday
56,Accessories,CUST0172,Weekday,Khulna,Female,2023,Qtr 4,November,23,ORD-00830,Mouse,4,Retail Store,14760,3690,Thursday
56,Accessories,CUST0172,Weekday,Khulna,Female,2024,Qtr 2,June,13,ORD-01343,Keyboard,3,Online,18450,6150,Thursday
56,Accessories,CUST0172,Weekday,Khulna,Female,2024,Qtr 3,September,2,ORD-01817,Keyboard,5,Online,30750,6150,Monday
56,Accessories,CUST0172,Weekday,Khulna,Female,2024,Qtr 4,November,11,ORD-01806,Headphones,5,Marketplace,61500,12300,Monday
56,Accessories,CUST0172,Weekday,Khulna,Female,2024,Qtr 4,November,14,ORD-01890,Mouse,3,Marketplace,11070,3690,Thursday
56,Accessories,CUST0172,Weekend,Khulna,Female,2024,Qtr 3,July,12,ORD-01192,Mouse,5,Corporate Sales,18450,3690,Friday
65,Accessories,CUST0173,Weekday,Dhaka,Male,2023,Qtr 3,August,31,ORD-00719,Mouse,5,Corporate Sales,18450,3690,Thursday
65,Accessories,CUST0173,Weekday,Dhaka,Male,2024,Qtr 1,January,23,ORD-01521,Headphones,3,Online,36900,12300,Tuesday
65,Accessories,CUST0173,Weekday,Dhaka,Male,2024,Qtr 4,October,10,ORD-01776,Mouse,4,Retail Store,14760,3690,Thursday
65,Accessories,CUST0173,Weekend,Dhaka,Male,2023,Qtr 1,February,11,ORD-00116,Headphones,1,Online,12300,12300,Saturday
68,Accessories,CUST0174,Weekday,Chattogram,Female,2023,Qtr 2,May,4,ORD-00627,Mouse,2,Marketplace,7380,3690,Thursday
68,Accessories,CUST0174,Weekday,Chattogram,Female,2023,Qtr 2,June,5,ORD-00666,Headphones,2,Corporate Sales,24600,12300,Monday
68,Accessories,CUST0174,Weekday,Chattogram,Female,2023,Qtr 3,September,13,ORD-00300,Mouse,4,Marketplace,14760,3690,Wednesday
68,Accessories,CUST0174,Weekday,Chattogram,Female,2023,Qtr 4,October,31,ORD-00318,Headphones,4,Corporate Sales,49200,12300,Tuesday
68,Accessories,CUST0174,Weekday,Chattogram,Female,2023,Qtr 4,December,12,ORD-00687,Mouse,5,Online,18450,3690,Tuesday
68,Accessories,CUST0174,Weekday,Chattogram,Female,2024,Qtr 2,April,14,ORD-00872,Keyboard,4,Retail Store,24600,6150,Sunday
68,Accessories,CUST0174,Weekday,Chattogram,Female,2024,Qtr 3,August,15,ORD-01269,Keyboard,3,Retail Store,18450,6150,Thursday
68,Accessories,CUST0174,Weekday,Chattogram,Female,2024,Qtr 4,December,8,ORD-01211,Headphones,1,Online,12300,12300,Sunday
51,Accessories,CUST0176,Weekday,Dhaka,Male,2023,Qtr 2,May,30,ORD-00970,Keyboard,4,Online,24600,6150,Tuesday
51,Accessories,CUST0176,Weekday,Dhaka,Male,2023,Qtr 4,October,1,ORD-00785,Keyboard,4,Marketplace,24600,6150,Sunday
29,Accessories,CUST0177,Weekday,Chattogram,Female,2023,Qtr 1,February,28,ORD-00652,Mouse,1,Corporate Sales,3690,3690,Tuesday
29,Accessories,CUST0177,Weekday,Chattogram,Female,2024,Qtr 1,January,25,ORD-01884,Mouse,1,Marketplace,3690,3690,Thursday
29,Accessories,CUST0177,Weekday,Chattogram,Female,2024,Qtr 3,August,14,ORD-01216,Keyboard,1,Marketplace,6150,6150,Wednesday
44,Accessories,CUST0178,Weekend,Rangpur,Male,2024,Qtr 1,February,10,ORD-01416,Keyboard,4,Online,24600,6150,Saturday
45,Accessories,CUST0179,Weekday,Dhaka,Male,2023,Qtr 1,March,16,ORD-00078,Keyboard,2,Corporate Sales,12300,6150,Thursday
68,Accessories,CUST0180,Weekday,Khulna,Male,2023,Qtr 2,April,2,ORD-00892,Keyboard,1,Online,6150,6150,Sunday
68,Accessories,CUST0180,Weekday,Khulna,Male,2024,Qtr 1,January,22,ORD-01937,Keyboard,5,Corporate Sales,30750,6150,Monday
68,Accessories,CUST0180,Weekday,Khulna,Male,2024,Qtr 4,December,25,ORD-01829,Keyboard,3,Retail Store,18450,6150,Wednesday
68,Accessories,CUST0180,Weekend,Khulna,Male,2024,Qtr 3,August,16,ORD-01941,Mouse,1,Marketplace,3690,3690,Friday
68,Accessories,CUST0180,Weekend,Khulna,Male,2024,Qtr 4,December,21,ORD-01086,Headphones,4,Online,49200,12300,Saturday
19,Accessories,CUST0182,Weekday,Dhaka,Male,2023,Qtr 1,January,22,ORD-00707,Headphones,2,Marketplace,24600,12300,Sunday
19,Accessories,CUST0182,Weekday,Dhaka,Male,2023,Qtr 3,July,25,ORD-00834,Keyboard,3,Online,18450,6150,Tuesday
19,Accessories,CUST0182,Weekday,Dhaka,Male,2023,Qtr 3,August,31,ORD-00498,Mouse,1,Online,3690,3690,Thursday
42,Accessories,CUST0183,Weekday,Rajshahi,Female,2023,Qtr 1,February,21,ORD-00468,Mouse,5,Corporate Sales,18450,3690,Tuesday
54,Accessories,CUST0184,Weekday,Dhaka,Female,2023,Qtr 2,June,15,ORD-00181,Mouse,3,Online,11070,3690,Thursday
54,Accessories,CUST0184,Weekday,Dhaka,Female,2024,Qtr 1,January,28,ORD-01406,Headphones,3,Retail Store,36900,12300,Sunday
54,Accessories,CUST0184,Weekday,Dhaka,Female,2024,Qtr 3,September,22,ORD-01534,Mouse,5,Marketplace,18450,3690,Sunday
29,Accessories,CUST0185,Weekday,Chattogram,Female,2024,Qtr 1,March,5,ORD-01313,Keyboard,5,Retail Store,30750,6150,Tuesday
29,Accessories,CUST0185,Weekend,Chattogram,Female,2023,Qtr 4,December,22,ORD-00787,Keyboard,4,Retail Store,24600,6150,Friday
55,Accessories,CUST0186,Weekday,Sylhet,Female,2023,Qtr 2,May,7,ORD-00199,Mouse,5,Marketplace,18450,3690,Sunday
55,Accessories,CUST0186,Weekday,Sylhet,Female,2023,Qtr 2,May,25,ORD-00442,Mouse,1,Marketplace,3690,3690,Thursday
55,Accessories,CUST0186,Weekday,Sylhet,Female,2024,Qtr 2,June,25,ORD-01000,Headphones,1,Corporate Sales,12300,12300,Tuesday
55,Accessories,CUST0186,Weekday,Sylhet,Female,2024,Qtr 4,October,31,ORD-01007,Mouse,5,Corporate Sales,18450,3690,Thursday
55,Accessories,CUST0186,Weekend,Sylhet,Female,2024,Qtr 4,October,11,ORD-01204,Mouse,2,Online,7380,3690,Friday
25,Accessories,CUST0187,Weekday,Dhaka,TIE - Review,2023,Qtr 4,October,24,ORD-00362,Keyboard,4,Online,24600,6150,Tuesday
25,Accessories,CUST0187,Weekday,Dhaka,TIE - Review,2024,Qtr 4,October,10,ORD-01723,Keyboard,1,Marketplace,6150,6150,Thursday
29,Accessories,CUST0188,Weekday,Khulna,Male,2023,Qtr 2,April,2,ORD-00599,Keyboard,3,Online,18450,6150,Sunday
29,Accessories,CUST0188,Weekday,Khulna,Male,2024,Qtr 2,June,24,ORD-01240,Mouse,1,Online,3690,3690,Monday
38,Accessories,CUST0189,Weekday,Mymensingh,Female,2023,Qtr 1,February,22,ORD-00120,Mouse,1,Marketplace,3690,3690,Wednesday
38,Accessories,CUST0189,Weekday,Mymensingh,Female,2023,Qtr 3,July,19,ORD-00965,Keyboard,5,Online,30750,6150,Wednesday
28,Accessories,CUST0190,Weekday,Dhaka,Male,2023,Qtr 2,June,28,ORD-00030,Keyboard,4,Marketplace,24600,6150,Wednesday
28,Accessories,CUST0190,Weekday,Dhaka,Male,2024,Qtr 1,March,27,ORD-01898,Mouse,5,Marketplace,18450,3690,Wednesday
58,Accessories,CUST0192,Weekday,Dhaka,Male,2023,Qtr 2,May,15,ORD-00449,Mouse,1,Corporate Sales,3690,3690,Monday
64,Accessories,CUST0193,Weekday,Chattogram,TIE - Review,2023,Qtr 4,November,6,ORD-00434,Keyboard,4,Retail Store,24600,6150,Monday
64,Accessories,CUST0193,Weekday,Chattogram,TIE - Review,2024,Qtr 4,December,9,ORD-01953,Mouse,1,Marketplace,3690,3690,Monday
64,Accessories,CUST0193,Weekend,Chattogram,TIE - Review,2023,Qtr 2,June,10,ORD-00590,Headphones,4,Retail Store,49200,12300,Saturday
61,Accessories,CUST0194,Weekday,Sylhet,Female,2023,Qtr 2,April,16,ORD-00259,Mouse,1,Retail Store,3690,3690,Sunday
61,Accessories,CUST0194,Weekend,Sylhet,Female,2023,Qtr 1,January,28,ORD-00215,Mouse,1,Retail Store,3690,3690,Saturday
61,Accessories,CUST0194,Weekend,Sylhet,Female,2024,Qtr 4,November,15,ORD-01590,Keyboard,5,Retail Store,30750,6150,Friday
48,Accessories,CUST0195,Weekday,Dhaka,Female,2023,Qtr 1,January,8,ORD-00235,Keyboard,3,Online,18450,6150,Sunday
48,Accessories,CUST0195,Weekday,Dhaka,Female,2023,Qtr 4,October,31,ORD-00730,Keyboard,3,Retail Store,18450,6150,Tuesday
48,Accessories,CUST0195,Weekday,Dhaka,Female,2024,Qtr 1,February,19,ORD-01272,Headphones,3,Marketplace,36900,12300,Monday
48,Accessories,CUST0195,Weekday,Dhaka,Female,2024,Qtr 2,June,23,ORD-01844,Keyboard,5,Corporate Sales,30750,6150,Sunday
48,Accessories,CUST0195,Weekday,Dhaka,Female,2024,Qtr 3,September,8,ORD-01254,Keyboard,5,Marketplace,30750,6150,Sunday
48,Accessories,CUST0195,Weekday,Dhaka,Female,2024,Qtr 4,December,9,ORD-01449,Keyboard,2,Marketplace,12300,6150,Monday
37,Accessories,CUST0196,Weekday,Chattogram,Female,2023,Qtr 1,January,5,ORD-00661,Keyboard,4,Retail Store,24600,6150,Thursday
37,Accessories,CUST0196,Weekday,Chattogram,Female,2023,Qtr 1,February,22,ORD-00264,Headphones,4,Online,49200,12300,Wednesday
37,Accessories,CUST0196,Weekday,Chattogram,Female,2023,Qtr 4,December,27,ORD-00022,Mouse,3,Online,11070,3690,Wednesday
37,Accessories,CUST0196,Weekday,Chattogram,Female,2024,Qtr 1,February,20,ORD-01714,Mouse,4,Corporate Sales,14760,3690,Tuesday
54,Accessories,CUST0197,Weekday,Rangpur,Male,2023,Qtr 2,June,4,ORD-00137,Mouse,2,Marketplace,7380,3690,Sunday
54,Accessories,CUST0197,Weekend,Rangpur,Male,2023,Qtr 4,December,9,ORD-00685,Mouse,3,Corporate Sales,11070,3690,Saturday
54,Accessories,CUST0197,Weekend,Rangpur,Male,2024,Qtr 4,November,23,ORD-01241,Keyboard,1,Marketplace,6150,6150,Saturday
56,Accessories,CUST0198,Weekday,Dhaka,Male,2024,Qtr 3,July,24,ORD-01573,Mouse,2,Online,7380,3690,Wednesday
41,Accessories,CUST0199,Weekday,Khulna,TIE - Review,2023,Qtr 3,July,5,ORD-00385,Headphones,1,Online,12300,12300,Wednesday
41,Accessories,CUST0199,Weekday,Khulna,TIE - Review,2024,Qtr 3,July,23,ORD-01552,Keyboard,5,Online,30750,6150,Tuesday
41,Accessories,CUST0199,Weekend,Khulna,TIE - Review,2023,Qtr 1,February,17,ORD-00013,Keyboard,5,Marketplace,30750,6150,Friday
41,Accessories,CUST0199,Weekend,Khulna,TIE - Review,2024,Qtr 2,May,11,ORD-01951,Keyboard,3,Online,18450,6150,Saturday
68,Accessories,CUST0200,Weekday,Dhaka,Female,2024,Qtr 3,July,4,ORD-01224,Keyboard,3,Retail Store,18450,6150,Thursday
68,Accessories,CUST0200,Weekend,Dhaka,Female,2024,Qtr 1,February,9,ORD-01443,Headphones,3,Online,36900,12300,Friday
68,Accessories,CUST0200,Weekend,Dhaka,Female,2024,Qtr 2,May,31,ORD-01257,Keyboard,4,Corporate Sales,24600,6150,Friday
49,Accessories,CUST0201,Weekday,Chattogram,Female,2023,Qtr 1,January,5,ORD-00989,Headphones,1,Retail Store,12300,12300,Thursday
49,Accessories,CUST0201,Weekday,Chattogram,Female,2023,Qtr 2,June,1,ORD-00011,Headphones,2,Retail Store,24600,12300,Thursday
49,Accessories,CUST0201,Weekday,Chattogram,Female,2024,Qtr 1,February,8,ORD-01546,Mouse,1,Retail Store,3690,3690,Thursday
49,Accessories,CUST0201,Weekend,Chattogram,Female,2023,Qtr 4,November,3,ORD-00136,Mouse,2,Marketplace,7380,3690,Friday
56,Accessories,CUST0202,Weekday,Rajshahi,Male,2023,Qtr 1,January,5,ORD-00161,Mouse,3,Retail Store,11070,3690,Thursday
56,Accessories,CUST0202,Weekday,Rajshahi,Male,2023,Qtr 2,June,7,ORD-00360,Headphones,4,Corporate Sales,49200,12300,Wednesday
33,Accessories,CUST0203,Weekday,Dhaka,Female,2023,Qtr 1,January,3,ORD-00108,Mouse,1,Marketplace,3690,3690,Tuesday
33,Accessories,CUST0203,Weekday,Dhaka,Female,2023,Qtr 4,October,5,ORD-00204,Keyboard,5,Corporate Sales,30750,6150,Thursday
33,Accessories,CUST0203,Weekday,Dhaka,Female,2024,Qtr 3,July,4,ORD-01603,Mouse,5,Retail Store,18450,3690,Thursday
54,Accessories,CUST0204,Weekday,Chattogram,Male,2024,Qtr 4,December,31,ORD-01465,Headphones,2,Online,24600,12300,Tuesday
54,Accessories,CUST0204,Weekend,Chattogram,Male,2023,Qtr 4,October,20,ORD-00522,Headphones,5,Online,61500,12300,Friday
54,Accessories,CUST0204,Weekend,Chattogram,Male,2024,Qtr 4,December,27,ORD-01631,Headphones,5,Corporate Sales,61500,12300,Friday
43,Accessories,CUST0205,Weekday,Rangpur,TIE - Review,2023,Qtr 4,October,9,ORD-00196,Keyboard,2,Marketplace,12300,6150,Monday
43,Accessories,CUST0205,Weekday,Rangpur,TIE - Review,2024,Qtr 2,May,27,ORD-01790,Keyboard,4,Corporate Sales,24600,6150,Monday
43,Accessories,CUST0205,Weekday,Rangpur,TIE - Review,2024,Qtr 4,November,5,ORD-01393,Keyboard,1,Retail Store,6150,6150,Tuesday
43,Accessories,CUST0206,Weekday,Dhaka,TIE - Review,2023,Qtr 3,August,14,ORD-00798,Keyboard,4,Corporate Sales,24600,6150,Monday
43,Accessories,CUST0206,Weekday,Dhaka,TIE - Review,2024,Qtr 2,April,23,ORD-01885,Headphones,5,Retail Store,61500,12300,Tuesday
43,Accessories,CUST0206,Weekday,Dhaka,TIE - Review,2024,Qtr 4,December,15,ORD-01200,Keyboard,4,Marketplace,24600,6150,Sunday
54,Accessories,CUST0207,Weekday,Khulna,Male,2024,Qtr 4,December,11,ORD-01827,Headphones,2,Online,24600,12300,Wednesday
54,Accessories,CUST0207,Weekend,Khulna,Male,2024,Qtr 3,July,26,ORD-01559,Keyboard,5,Online,30750,6150,Friday
57,Accessories,CUST0208,Weekday,Barishal,Female,2023,Qtr 2,June,12,ORD-00725,Mouse,4,Online,14760,3690,Monday
57,Accessories,CUST0208,Weekday,Barishal,Female,2023,Qtr 3,September,19,ORD-00822,Headphones,4,Online,49200,12300,Tuesday
63,Accessories,CUST0209,Weekday,Dhaka,Male,2023,Qtr 1,February,12,ORD-00955,Keyboard,5,Retail Store,30750,6150,Sunday
30,Accessories,CUST0210,Weekday,Rajshahi,Male,2024,Qtr 3,September,11,ORD-01915,Mouse,5,Online,18450,3690,Wednesday
35,Accessories,CUST0211,Weekday,Dhaka,TIE - Review,2023,Qtr 4,December,25,ORD-00035,Mouse,3,Online,11070,3690,Monday
35,Accessories,CUST0211,Weekday,Dhaka,TIE - Review,2024,Qtr 2,June,6,ORD-01341,Keyboard,1,Online,6150,6150,Thursday
35,Accessories,CUST0211,Weekend,Dhaka,TIE - Review,2023,Qtr 1,January,28,ORD-00533,Keyboard,1,Retail Store,6150,6150,Saturday
35,Accessories,CUST0211,Weekend,Dhaka,TIE - Review,2024,Qtr 1,March,30,ORD-01242,Keyboard,1,Marketplace,6150,6150,Saturday
35,Accessories,CUST0211,Weekend,Dhaka,TIE - Review,2024,Qtr 3,August,16,ORD-01311,Headphones,4,Online,49200,12300,Friday
62,Accessories,CUST0212,Weekday,Chattogram,Female,2023,Qtr 3,July,2,ORD-00903,Keyboard,2,Online,12300,6150,Sunday
62,Accessories,CUST0212,Weekday,Chattogram,Female,2023,Qtr 3,July,17,ORD-00265,Mouse,2,Retail Store,7380,3690,Monday
62,Accessories,CUST0212,Weekday,Chattogram,Female,2024,Qtr 1,January,28,ORD-01484,Headphones,3,Corporate Sales,36900,12300,Sunday
45,Accessories,CUST0213,Weekday,Sylhet,Female,2024,Qtr 1,February,25,ORD-00546,Mouse,2,Retail Store,7380,3690,Sunday
35,Accessories,CUST0215,Weekend,Khulna,Female,2023,Qtr 3,July,29,ORD-00762,Mouse,3,Marketplace,11070,3690,Saturday
35,Accessories,CUST0215,Weekend,Khulna,Female,2024,Qtr 4,November,29,ORD-01090,Keyboard,5,Retail Store,30750,6150,Friday
53,Accessories,CUST0216,Weekday,Mymensingh,Male,2024,Qtr 1,February,7,ORD-01615,Headphones,1,Corporate Sales,12300,12300,Wednesday
53,Accessories,CUST0216,Weekday,Mymensingh,Male,2024,Qtr 4,December,4,ORD-01764,Mouse,1,Retail Store,3690,3690,Wednesday
53,Accessories,CUST0216,Weekend,Mymensingh,Male,2023,Qtr 3,September,1,ORD-00566,Keyboard,5,Corporate Sales,30750,6150,Friday
53,Accessories,CUST0216,Weekend,Mymensingh,Male,2023,Qtr 4,October,27,ORD-00882,Mouse,2,Retail Store,7380,3690,Friday
53,Accessories,CUST0216,Weekend,Mymensingh,Male,2024,Qtr 2,June,21,ORD-01015,Mouse,2,Retail Store,7380,3690,Friday
53,Accessories,CUST0216,Weekend,Mymensingh,Male,2024,Qtr 4,November,16,ORD-01725,Mouse,4,Retail Store,14760,3690,Saturday
18,Accessories,CUST0217,Weekday,Dhaka,Male,2024,Qtr 1,March,25,ORD-01575,Mouse,4,Corporate Sales,14760,3690,Monday
18,Accessories,CUST0217,Weekend,Dhaka,Male,2023,Qtr 4,October,20,ORD-00985,Mouse,3,Corporate Sales,11070,3690,Friday
36,Accessories,CUST0218,Weekday,Rajshahi,Male,2023,Qtr 3,July,18,ORD-00803,Mouse,5,Corporate Sales,18450,3690,Tuesday
36,Accessories,CUST0218,Weekday,Rajshahi,Male,2024,Qtr 1,February,8,ORD-01410,Headphones,5,Retail Store,61500,12300,Thursday
36,Accessories,CUST0218,Weekday,Rajshahi,Male,2024,Qtr 4,October,3,ORD-01237,Mouse,2,Corporate Sales,7380,3690,Thursday
36,Accessories,CUST0218,Weekend,Rajshahi,Male,2023,Qtr 4,November,3,ORD-00064,Headphones,2,Corporate Sales,24600,12300,Friday
48,Accessories,CUST0219,Weekday,Dhaka,Female,2023,Qtr 1,January,23,ORD-00338,Headphones,1,Corporate Sales,12300,12300,Monday
48,Accessories,CUST0219,Weekday,Dhaka,Female,2023,Qtr 2,April,9,ORD-00408,Keyboard,2,Online,12300,6150,Sunday
48,Accessories,CUST0219,Weekday,Dhaka,Female,2023,Qtr 3,August,20,ORD-00084,Mouse,2,Online,7380,3690,Sunday
48,Accessories,CUST0219,Weekday,Dhaka,Female,2023,Qtr 3,September,28,ORD-00628,Keyboard,5,Corporate Sales,30750,6150,Thursday
67,Accessories,CUST0220,Weekday,Chattogram,Male,2023,Qtr 1,March,15,ORD-00295,Headphones,5,Corporate Sales,61500,12300,Wednesday
67,Accessories,CUST0220,Weekday,Chattogram,Male,2023,Qtr 2,May,7,ORD-00678,Mouse,1,Corporate Sales,3690,3690,Sunday
67,Accessories,CUST0220,Weekday,Chattogram,Male,2023,Qtr 3,July,9,ORD-00840,Mouse,4,Online,14760,3690,Sunday
33,Accessories,CUST0221,Weekday,Sylhet,Male,2023,Qtr 3,July,11,ORD-00947,Keyboard,3,Marketplace,18450,6150,Tuesday
33,Accessories,CUST0221,Weekend,Sylhet,Male,2023,Qtr 4,October,21,ORD-00336,Mouse,2,Marketplace,7380,3690,Saturday
33,Accessories,CUST0221,Weekend,Sylhet,Male,2024,Qtr 1,January,13,ORD-01779,Headphones,2,Online,24600,12300,Saturday
33,Accessories,CUST0221,Weekend,Sylhet,Male,2024,Qtr 1,February,24,ORD-01850,Mouse,5,Marketplace,18450,3690,Saturday
61,Accessories,CUST0222,Weekday,Dhaka,Female,2023,Qtr 4,November,13,ORD-00558,Mouse,2,Corporate Sales,7380,3690,Monday
61,Accessories,CUST0222,Weekday,Dhaka,Female,2024,Qtr 3,July,15,ORD-01159,Headphones,3,Retail Store,36900,12300,Monday
20,Accessories,CUST0223,Weekday,Chattogram,Female,2024,Qtr 1,March,20,ORD-01004,Headphones,2,Retail Store,24600,12300,Wednesday
20,Accessories,CUST0223,Weekend,Chattogram,Female,2023,Qtr 2,May,26,ORD-00111,Mouse,2,Marketplace,7380,3690,Friday
20,Accessories,CUST0223,Weekend,Chattogram,Female,2024,Qtr 2,May,11,ORD-01140,Keyboard,3,Marketplace,18450,6150,Saturday
57,Accessories,CUST0224,Weekday,Rangpur,TIE - Review,2024,Qtr 1,January,14,ORD-01031,Mouse,1,Marketplace,3690,3690,Sunday
57,Accessories,CUST0224,Weekday,Rangpur,TIE - Review,2024,Qtr 4,October,22,ORD-01052,Mouse,1,Online,3690,3690,Tuesday
65,Accessories,CUST0225,Weekday,Dhaka,TIE - Review,2023,Qtr 2,May,4,ORD-00972,Mouse,3,Corporate Sales,11070,3690,Thursday
65,Accessories,CUST0225,Weekend,Dhaka,TIE - Review,2023,Qtr 4,November,18,ORD-00820,Keyboard,3,Retail Store,18450,6150,Saturday
65,Accessories,CUST0225,Weekend,Dhaka,TIE - Review,2024,Qtr 4,October,18,ORD-01282,Mouse,4,Marketplace,14760,3690,Friday
65,Accessories,CUST0225,Weekend,Dhaka,TIE - Review,2024,Qtr 4,November,23,ORD-01839,Headphones,4,Corporate Sales,49200,12300,Saturday
43,Accessories,CUST0226,Weekday,Khulna,Male,2023,Qtr 4,October,8,ORD-00979,Headphones,2,Marketplace,24600,12300,Sunday
43,Accessories,CUST0226,Weekday,Khulna,Male,2024,Qtr 2,June,16,ORD-01149,Headphones,1,Marketplace,12300,12300,Sunday
43,Accessories,CUST0226,Weekday,Khulna,Male,2024,Qtr 4,November,28,ORD-01624,Keyboard,3,Retail Store,18450,6150,Thursday
54,Accessories,CUST0227,Weekday,Barishal,TIE - Review,2023,Qtr 4,October,5,ORD-00074,Keyboard,4,Corporate Sales,24600,6150,Thursday
54,Accessories,CUST0227,Weekday,Barishal,TIE - Review,2023,Qtr 4,December,4,ORD-00407,Mouse,5,Corporate Sales,18450,3690,Monday
54,Accessories,CUST0227,Weekday,Barishal,TIE - Review,2024,Qtr 2,June,3,ORD-01377,Mouse,3,Online,11070,3690,Monday
54,Accessories,CUST0227,Weekday,Barishal,TIE - Review,2024,Qtr 3,August,20,ORD-01882,Headphones,1,Online,12300,12300,Tuesday
25,Accessories,CUST0228,Weekday,Chattogram,Male,2023,Qtr 2,June,29,ORD-00166,Mouse,4,Marketplace,14760,3690,Thursday
25,Accessories,CUST0228,Weekday,Chattogram,Male,2023,Qtr 4,December,7,ORD-00743,Keyboard,1,Online,6150,6150,Thursday
25,Accessories,CUST0228,Weekend,Chattogram,Male,2024,Qtr 3,September,6,ORD-01337,Mouse,2,Online,7380,3690,Friday
45,Accessories,CUST0229,Weekday,Rajshahi,TIE - Review,2023,Qtr 3,September,4,ORD-00581,Headphones,4,Marketplace,49200,12300,Monday
45,Accessories,CUST0229,Weekday,Rajshahi,TIE - Review,2024,Qtr 1,January,22,ORD-01735,Headphones,1,Retail Store,12300,12300,Monday
45,Accessories,CUST0229,Weekend,Rajshahi,TIE - Review,2023,Qtr 1,February,18,ORD-00582,Mouse,3,Retail Store,11070,3690,Saturday
45,Accessories,CUST0229,Weekend,Rajshahi,TIE - Review,2024,Qtr 3,August,10,ORD-01464,Headphones,5,Retail Store,61500,12300,Saturday
44,Accessories,CUST0232,Weekday,Rangpur,TIE - Review,2024,Qtr 1,February,29,ORD-01109,Headphones,3,Corporate Sales,36900,12300,Thursday
44,Accessories,CUST0232,Weekday,Rangpur,TIE - Review,2024,Qtr 4,November,17,ORD-01270,Mouse,3,Marketplace,11070,3690,Sunday
44,Accessories,CUST0232,Weekend,Rangpur,TIE - Review,2023,Qtr 3,July,28,ORD-00836,Headphones,1,Retail Store,12300,12300,Friday
44,Accessories,CUST0232,Weekend,Rangpur,TIE - Review,2023,Qtr 4,October,20,ORD-00734,Mouse,3,Online,11070,3690,Friday
24,Accessories,CUST0233,Weekday,Dhaka,Male,2024,Qtr 3,July,16,ORD-00349,Headphones,3,Online,36900,12300,Tuesday
24,Accessories,CUST0233,Weekday,Dhaka,Male,2024,Qtr 3,September,23,ORD-01154,Keyboard,3,Retail Store,18450,6150,Monday
24,Accessories,CUST0233,Weekend,Dhaka,Male,2024,Qtr 2,June,1,ORD-01711,Keyboard,1,Online,6150,6150,Saturday
19,Accessories,CUST0235,Weekday,Barishal,Male,2024,Qtr 1,March,27,ORD-01532,Mouse,3,Online,11070,3690,Wednesday
19,Accessories,CUST0235,Weekday,Barishal,Male,2024,Qtr 2,June,4,ORD-01092,Keyboard,2,Online,12300,6150,Tuesday
19,Accessories,CUST0235,Weekday,Barishal,Male,2024,Qtr 2,June,13,ORD-01492,Keyboard,2,Online,12300,6150,Thursday
19,Accessories,CUST0235,Weekend,Barishal,Male,2023,Qtr 2,April,8,ORD-00536,Headphones,5,Online,61500,12300,Saturday
18,Accessories,CUST0236,Weekend,Dhaka,Male,2023,Qtr 1,March,24,ORD-00094,Keyboard,2,Online,12300,6150,Friday
26,Accessories,CUST0238,Weekday,Dhaka,Male,2023,Qtr 1,January,24,ORD-00281,Keyboard,4,Online,24600,6150,Tuesday
26,Accessories,CUST0238,Weekday,Dhaka,Male,2023,Qtr 4,November,2,ORD-00973,Mouse,2,Retail Store,7380,3690,Thursday
26,Accessories,CUST0238,Weekday,Dhaka,Male,2023,Qtr 4,November,15,ORD-00600,Mouse,2,Online,7380,3690,Wednesday
26,Accessories,CUST0238,Weekday,Dhaka,Male,2024,Qtr 2,June,9,ORD-01719,Headphones,1,Corporate Sales,12300,12300,Sunday
35,Accessories,CUST0239,Weekday,Chattogram,TIE - Review,2023,Qtr 1,March,15,ORD-00978,Headphones,4,Retail Store,49200,12300,Wednesday
35,Accessories,CUST0239,Weekday,Chattogram,TIE - Review,2023,Qtr 3,August,16,ORD-00874,Mouse,5,Marketplace,18450,3690,Wednesday
39,Accessories,CUST0240,Weekday,Sylhet,Male,2023,Qtr 2,May,29,ORD-00943,Keyboard,1,Retail Store,6150,6150,Monday
39,Accessories,CUST0240,Weekday,Sylhet,Male,2023,Qtr 2,June,26,ORD-00578,Headphones,1,Online,12300,12300,Monday
39,Accessories,CUST0240,Weekday,Sylhet,Male,2023,Qtr 4,October,10,ORD-00969,Mouse,5,Retail Store,18450,3690,Tuesday
39,Accessories,CUST0240,Weekday,Sylhet,Male,2023,Qtr 4,December,21,ORD-00464,Keyboard,4,Corporate Sales,24600,6150,Thursday
39,Accessories,CUST0240,Weekend,Sylhet,Male,2024,Qtr 1,January,13,ORD-01051,Headphones,4,Corporate Sales,49200,12300,Saturday
27,Accessories,CUST0241,Weekday,Dhaka,Female,2023,Qtr 3,July,10,ORD-00391,Keyboard,1,Online,6150,6150,Monday
27,Accessories,CUST0241,Weekend,Dhaka,Female,2023,Qtr 2,June,2,ORD-00618,Keyboard,2,Corporate Sales,12300,6150,Friday
27,Accessories,CUST0241,Weekend,Dhaka,Female,2024,Qtr 2,April,13,ORD-01382,Mouse,2,Corporate Sales,7380,3690,Saturday
58,Accessories,CUST0242,Weekday,Chattogram,Male,2024,Qtr 2,May,26,ORD-01698,Mouse,5,Corporate Sales,18450,3690,Sunday
58,Accessories,CUST0242,Weekday,Chattogram,Male,2024,Qtr 3,July,15,ORD-01949,Mouse,5,Online,18450,3690,Monday
58,Accessories,CUST0243,Weekday,Mymensingh,TIE - Review,2023,Qtr 3,August,13,ORD-00478,Headphones,5,Online,61500,12300,Sunday
58,Accessories,CUST0243,Weekday,Mymensingh,TIE - Review,2024,Qtr 1,March,3,ORD-01918,Mouse,5,Retail Store,18450,3690,Sunday
58,Accessories,CUST0243,Weekend,Mymensingh,TIE - Review,2024,Qtr 1,January,26,ORD-01239,Keyboard,1,Corporate Sales,6150,6150,Friday
58,Accessories,CUST0243,Weekend,Mymensingh,TIE - Review,2024,Qtr 4,December,14,ORD-01549,Mouse,5,Retail Store,18450,3690,Saturday
24,Accessories,CUST0244,Weekday,Dhaka,Female,2023,Qtr 1,February,21,ORD-00063,Headphones,3,Corporate Sales,36900,12300,Tuesday
63,Accessories,CUST0245,Weekday,Rajshahi,Male,2023,Qtr 2,May,15,ORD-00148,Mouse,3,Corporate Sales,11070,3690,Monday
63,Accessories,CUST0245,Weekday,Rajshahi,Male,2023,Qtr 3,September,11,ORD-00076,Mouse,1,Online,3690,3690,Monday
63,Accessories,CUST0245,Weekday,Rajshahi,Male,2024,Qtr 1,January,1,ORD-01385,Mouse,2,Marketplace,7380,3690,Monday
63,Accessories,CUST0245,Weekend,Rajshahi,Male,2024,Qtr 1,February,17,ORD-01607,Headphones,4,Retail Store,49200,12300,Saturday
44,Accessories,CUST0247,Weekday,Chattogram,Male,2023,Qtr 2,May,9,ORD-00046,Headphones,2,Online,24600,12300,Tuesday
44,Accessories,CUST0247,Weekday,Chattogram,Male,2023,Qtr 3,August,1,ORD-00352,Keyboard,2,Online,12300,6150,Tuesday
44,Accessories,CUST0247,Weekday,Chattogram,Male,2024,Qtr 3,August,27,ORD-01139,Mouse,4,Corporate Sales,14760,3690,Tuesday
67,Accessories,CUST0248,Weekday,Sylhet,TIE - Review,2024,Qtr 4,October,15,ORD-01119,Mouse,2,Corporate Sales,7380,3690,Tuesday
33,Accessories,CUST0249,Weekday,Dhaka,Male,2024,Qtr 3,July,23,ORD-01463,Mouse,3,Retail Store,11070,3690,Tuesday
33,Accessories,CUST0249,Weekend,Dhaka,Male,2024,Qtr 1,January,20,ORD-01071,Keyboard,3,Retail Store,18450,6150,Saturday
64,Accessories,CUST0250,Weekday,Chattogram,Female,2024,Qtr 4,November,24,ORD-01190,Keyboard,3,Marketplace,18450,6150,Sunday
42,Accessories,CUST0251,Weekday,Rangpur,Male,2023,Qtr 1,February,2,ORD-00096,Mouse,2,Marketplace,7380,3690,Thursday
42,Accessories,CUST0251,Weekend,Rangpur,Male,2024,Qtr 2,April,5,ORD-01686,Headphones,5,Retail Store,61500,12300,Friday
55,Accessories,CUST0252,Weekday,Dhaka,Male,2023,Qtr 2,May,16,ORD-00486,Headphones,5,Corporate Sales,61500,12300,Tuesday
55,Accessories,CUST0252,Weekday,Dhaka,Male,2024,Qtr 1,February,19,ORD-01355,Keyboard,4,Retail Store,24600,6150,Monday
55,Accessories,CUST0252,Weekday,Dhaka,Male,2024,Qtr 4,December,2,ORD-01179,Headphones,2,Retail Store,24600,12300,Monday
51,Accessories,CUST0253,Weekday,Khulna,Female,2023,Qtr 2,April,18,ORD-00549,Keyboard,3,Retail Store,18450,6150,Tuesday
51,Accessories,CUST0253,Weekday,Khulna,Female,2023,Qtr 2,June,13,ORD-00788,Headphones,2,Online,24600,12300,Tuesday
51,Accessories,CUST0253,Weekday,Khulna,Female,2023,Qtr 3,September,25,ORD-00548,Headphones,4,Marketplace,49200,12300,Monday
51,Accessories,CUST0253,Weekday,Khulna,Female,2024,Qtr 3,July,15,ORD-01177,Headphones,2,Corporate Sales,24600,12300,Monday
39,Accessories,CUST0255,Weekday,Chattogram,Male,2024,Qtr 2,May,6,ORD-01065,Headphones,4,Marketplace,49200,12300,Monday
39,Accessories,CUST0255,Weekday,Chattogram,Male,2024,Qtr 3,September,11,ORD-01262,Headphones,4,Corporate Sales,49200,12300,Wednesday
69,Accessories,CUST0256,Weekday,Rajshahi,Male,2023,Qtr 1,February,19,ORD-00253,Mouse,5,Corporate Sales,18450,3690,Sunday
69,Accessories,CUST0256,Weekday,Rajshahi,Male,2024,Qtr 1,January,14,ORD-01852,Mouse,5,Retail Store,18450,3690,Sunday
69,Accessories,CUST0256,Weekend,Rajshahi,Male,2024,Qtr 3,July,26,ORD-01462,Headphones,2,Retail Store,24600,12300,Friday
54,Accessories,CUST0257,Weekday,Dhaka,Female,2023,Qtr 1,January,11,ORD-00982,Mouse,2,Marketplace,7380,3690,Wednesday
54,Accessories,CUST0257,Weekday,Dhaka,Female,2024,Qtr 1,February,27,ORD-01455,Keyboard,2,Corporate Sales,12300,6150,Tuesday
54,Accessories,CUST0257,Weekday,Dhaka,Female,2024,Qtr 3,September,30,ORD-01500,Keyboard,5,Online,30750,6150,Monday
54,Accessories,CUST0257,Weekend,Dhaka,Female,2024,Qtr 4,October,4,ORD-01409,Headphones,3,Marketplace,36900,12300,Friday
39,Accessories,CUST0258,Weekend,Chattogram,Female,2024,Qtr 1,January,20,ORD-01014,Keyboard,3,Marketplace,18450,6150,Saturday
39,Accessories,CUST0258,Weekend,Chattogram,Female,2024,Qtr 2,May,3,ORD-01075,Keyboard,5,Corporate Sales,30750,6150,Friday
59,Accessories,CUST0259,Weekday,Rangpur,Male,2024,Qtr 2,April,16,ORD-01445,Mouse,3,Retail Store,11070,3690,Tuesday
59,Accessories,CUST0259,Weekend,Rangpur,Male,2023,Qtr 4,November,17,ORD-00794,Mouse,2,Online,7380,3690,Friday
32,Accessories,CUST0260,Weekday,Dhaka,Male,2024,Qtr 2,June,26,ORD-01220,Headphones,5,Corporate Sales,61500,12300,Wednesday
32,Accessories,CUST0260,Weekday,Dhaka,Male,2024,Qtr 3,August,15,ORD-01911,Headphones,2,Retail Store,24600,12300,Thursday
32,Accessories,CUST0260,Weekday,Dhaka,Male,2024,Qtr 3,September,2,ORD-01736,Keyboard,1,Marketplace,6150,6150,Monday
32,Accessories,CUST0260,Weekday,Dhaka,Male,2024,Qtr 4,December,3,ORD-01456,Keyboard,3,Online,18450,6150,Tuesday
48,Accessories,CUST0261,Weekday,Khulna,Male,2023,Qtr 4,November,9,ORD-00610,Mouse,3,Corporate Sales,11070,3690,Thursday
27,Accessories,CUST0262,Weekday,Mymensingh,Male,2023,Qtr 2,May,7,ORD-00268,Mouse,4,Corporate Sales,14760,3690,Sunday
27,Accessories,CUST0262,Weekday,Mymensingh,Male,2024,Qtr 2,June,2,ORD-01613,Keyboard,1,Retail Store,6150,6150,Sunday
40,Accessories,CUST0263,Weekday,Dhaka,Female,2023,Qtr 3,September,13,ORD-00828,Headphones,3,Corporate Sales,36900,12300,Wednesday
40,Accessories,CUST0263,Weekday,Dhaka,Female,2024,Qtr 1,January,3,ORD-01628,Keyboard,2,Marketplace,12300,6150,Wednesday
59,Accessories,CUST0264,Weekday,Rajshahi,Female,2023,Qtr 3,July,16,ORD-00603,Keyboard,2,Marketplace,12300,6150,Sunday
59,Accessories,CUST0264,Weekday,Rajshahi,Female,2023,Qtr 3,August,21,ORD-00225,Keyboard,4,Retail Store,24600,6150,Monday
59,Accessories,CUST0264,Weekday,Rajshahi,Female,2023,Qtr 4,December,7,ORD-00679,Mouse,5,Online,18450,3690,Thursday
59,Accessories,CUST0264,Weekday,Rajshahi,Female,2024,Qtr 3,August,18,ORD-01252,Headphones,1,Marketplace,12300,12300,Sunday
59,Accessories,CUST0264,Weekday,Rajshahi,Female,2024,Qtr 3,September,2,ORD-01554,Mouse,1,Marketplace,3690,3690,Monday
38,Accessories,CUST0265,Weekday,Dhaka,TIE - Review,2023,Qtr 2,May,29,ORD-00856,Keyboard,4,Online,24600,6150,Monday
38,Accessories,CUST0265,Weekday,Dhaka,TIE - Review,2023,Qtr 4,November,30,ORD-00901,Headphones,3,Retail Store,36900,12300,Thursday
38,Accessories,CUST0265,Weekday,Dhaka,TIE - Review,2024,Qtr 3,July,10,ORD-01480,Mouse,5,Retail Store,18450,3690,Wednesday
38,Accessories,CUST0265,Weekend,Dhaka,TIE - Review,2024,Qtr 3,August,23,ORD-01609,Mouse,2,Online,7380,3690,Friday
29,Accessories,CUST0266,Weekday,Chattogram,Male,2023,Qtr 4,November,8,ORD-00112,Mouse,5,Retail Store,18450,3690,Wednesday
29,Accessories,CUST0266,Weekday,Chattogram,Male,2024,Qtr 1,February,22,ORD-01691,Keyboard,5,Online,30750,6150,Thursday
29,Accessories,CUST0267,Weekday,Sylhet,Male,2024,Qtr 4,October,21,ORD-01083,Headphones,5,Retail Store,61500,12300,Monday
21,Accessories,CUST0268,Weekday,Dhaka,Male,2024,Qtr 1,February,18,ORD-01775,Keyboard,2,Retail Store,12300,6150,Sunday
21,Accessories,CUST0268,Weekend,Dhaka,Male,2023,Qtr 2,May,20,ORD-00543,Keyboard,3,Online,18450,6150,Saturday
21,Accessories,CUST0268,Weekend,Dhaka,Male,2023,Qtr 3,August,11,ORD-00875,Mouse,3,Online,11070,3690,Friday
21,Accessories,CUST0268,Weekend,Dhaka,Male,2024,Qtr 2,April,6,ORD-01125,Keyboard,3,Retail Store,18450,6150,Saturday
64,Accessories,CUST0269,Weekend,Chattogram,Male,2023,Qtr 4,November,24,ORD-00208,Headphones,3,Marketplace,36900,12300,Friday
64,Accessories,CUST0269,Weekend,Chattogram,Male,2024,Qtr 4,October,19,ORD-01347,Keyboard,4,Online,24600,6150,Saturday
64,Accessories,CUST0270,Weekday,Mymensingh,TIE - Review,2023,Qtr 2,May,24,ORD-00435,Keyboard,1,Corporate Sales,6150,6150,Wednesday
64,Accessories,CUST0270,Weekday,Mymensingh,TIE - Review,2024,Qtr 2,April,30,ORD-01293,Keyboard,5,Online,30750,6150,Tuesday
64,Accessories,CUST0270,Weekday,Mymensingh,TIE - Review,2024,Qtr 4,October,20,ORD-01682,Headphones,2,Retail Store,24600,12300,Sunday
64,Accessories,CUST0270,Weekend,Mymensingh,TIE - Review,2023,Qtr 1,February,10,ORD-00326,Headphones,3,Marketplace,36900,12300,Friday
46,Accessories,CUST0271,Weekday,Dhaka,Male,2023,Qtr 2,May,22,ORD-00938,Keyboard,5,Retail Store,30750,6150,Monday
46,Accessories,CUST0271,Weekday,Dhaka,Male,2023,Qtr 2,June,20,ORD-00595,Headphones,2,Retail Store,24600,12300,Tuesday
46,Accessories,CUST0271,Weekday,Dhaka,Male,2023,Qtr 4,November,7,ORD-00780,Mouse,4,Corporate Sales,14760,3690,Tuesday
46,Accessories,CUST0271,Weekday,Dhaka,Male,2024,Qtr 4,December,2,ORD-01601,Headphones,4,Marketplace,49200,12300,Monday
46,Accessories,CUST0271,Weekend,Dhaka,Male,2024,Qtr 3,August,3,ORD-01629,Headphones,4,Corporate Sales,49200,12300,Saturday
46,Accessories,CUST0271,Weekend,Dhaka,Male,2024,Qtr 4,October,4,ORD-01694,Mouse,4,Corporate Sales,14760,3690,Friday
52,Accessories,CUST0272,Weekday,Khulna,TIE - Review,2023,Qtr 1,March,30,ORD-00541,Mouse,3,Marketplace,11070,3690,Thursday
52,Accessories,CUST0272,Weekday,Khulna,TIE - Review,2023,Qtr 2,May,18,ORD-00344,Mouse,3,Retail Store,11070,3690,Thursday
52,Accessories,CUST0272,Weekday,Khulna,TIE - Review,2023,Qtr 3,September,4,ORD-00288,Keyboard,2,Retail Store,12300,6150,Monday
55,Accessories,CUST0273,Weekday,Dhaka,TIE - Review,2023,Qtr 4,October,16,ORD-00263,Headphones,4,Marketplace,49200,12300,Monday
55,Accessories,CUST0273,Weekend,Dhaka,TIE - Review,2023,Qtr 3,September,9,ORD-00753,Mouse,3,Marketplace,11070,3690,Saturday
55,Accessories,CUST0273,Weekend,Dhaka,TIE - Review,2024,Qtr 1,February,10,ORD-01548,Headphones,1,Online,12300,12300,Saturday
51,Accessories,CUST0274,Weekday,Chattogram,TIE - Review,2023,Qtr 3,August,7,ORD-00721,Keyboard,5,Online,30750,6150,Monday
51,Accessories,CUST0274,Weekday,Chattogram,TIE - Review,2024,Qtr 4,December,8,ORD-01108,Keyboard,3,Online,18450,6150,Sunday
66,Accessories,CUST0276,Weekday,Dhaka,Male,2023,Qtr 1,January,9,ORD-00974,Headphones,4,Retail Store,49200,12300,Monday
66,Accessories,CUST0276,Weekday,Dhaka,Male,2023,Qtr 2,June,29,ORD-00015,Mouse,1,Online,3690,3690,Thursday
66,Accessories,CUST0276,Weekday,Dhaka,Male,2024,Qtr 4,December,26,ORD-01194,Keyboard,4,Corporate Sales,24600,6150,Thursday
66,Accessories,CUST0276,Weekend,Dhaka,Male,2023,Qtr 1,March,10,ORD-00778,Keyboard,2,Online,12300,6150,Friday
66,Accessories,CUST0276,Weekend,Dhaka,Male,2024,Qtr 3,August,23,ORD-01062,Keyboard,3,Online,18450,6150,Friday
52,Accessories,CUST0278,Weekday,Rangpur,Female,2024,Qtr 2,April,28,ORD-01307,Keyboard,1,Marketplace,6150,6150,Sunday
52,Accessories,CUST0278,Weekday,Rangpur,Female,2024,Qtr 2,June,24,ORD-01925,Headphones,5,Retail Store,61500,12300,Monday
52,Accessories,CUST0278,Weekday,Rangpur,Female,2024,Qtr 4,October,22,ORD-01327,Headphones,5,Online,61500,12300,Tuesday
52,Accessories,CUST0278,Weekday,Rangpur,Female,2024,Qtr 4,December,22,ORD-01732,Headphones,5,Online,61500,12300,Sunday
59,Accessories,CUST0279,Weekday,Dhaka,Female,2023,Qtr 1,February,15,ORD-00239,Mouse,1,Marketplace,3690,3690,Wednesday
59,Accessories,CUST0279,Weekday,Dhaka,Female,2023,Qtr 2,April,26,ORD-00397,Mouse,3,Retail Store,11070,3690,Wednesday
59,Accessories,CUST0279,Weekday,Dhaka,Female,2023,Qtr 3,September,19,ORD-00432,Mouse,2,Marketplace,7380,3690,Tuesday
44,Accessories,CUST0280,Weekday,Khulna,Male,2023,Qtr 1,March,22,ORD-00269,Keyboard,4,Corporate Sales,24600,6150,Wednesday
44,Accessories,CUST0280,Weekday,Khulna,Male,2023,Qtr 2,June,12,ORD-00624,Keyboard,1,Retail Store,6150,6150,Monday
44,Accessories,CUST0280,Weekend,Khulna,Male,2024,Qtr 1,March,23,ORD-01008,Keyboard,3,Online,18450,6150,Saturday
44,Accessories,CUST0281,Weekday,Barishal,Female,2023,Qtr 1,March,5,ORD-00732,Keyboard,3,Online,18450,6150,Sunday
44,Accessories,CUST0281,Weekday,Barishal,Female,2023,Qtr 3,August,27,ORD-00143,Keyboard,4,Online,24600,6150,Sunday
44,Accessories,CUST0281,Weekday,Barishal,Female,2023,Qtr 3,August,28,ORD-00156,Keyboard,2,Online,12300,6150,Monday
44,Accessories,CUST0281,Weekday,Barishal,Female,2023,Qtr 3,September,28,ORD-00914,Headphones,3,Corporate Sales,36900,12300,Thursday
68,Accessories,CUST0282,Weekday,Dhaka,Male,2024,Qtr 2,April,18,ORD-01808,Keyboard,2,Online,12300,6150,Thursday
68,Accessories,CUST0282,Weekday,Dhaka,Male,2024,Qtr 4,December,15,ORD-01783,Headphones,2,Marketplace,24600,12300,Sunday
67,Accessories,CUST0283,Weekday,Rajshahi,Female,2023,Qtr 2,May,3,ORD-00280,Keyboard,5,Marketplace,30750,6150,Wednesday
67,Accessories,CUST0283,Weekday,Rajshahi,Female,2023,Qtr 3,September,13,ORD-00012,Mouse,3,Retail Store,11070,3690,Wednesday
64,Accessories,CUST0284,Weekday,Dhaka,Female,2023,Qtr 2,April,11,ORD-00075,Keyboard,3,Corporate Sales,18450,6150,Tuesday
64,Accessories,CUST0284,Weekend,Dhaka,Female,2023,Qtr 2,June,3,ORD-00511,Headphones,2,Marketplace,24600,12300,Saturday
64,Accessories,CUST0284,Weekend,Dhaka,Female,2024,Qtr 4,November,15,ORD-01280,Mouse,2,Retail Store,7380,3690,Friday
58,Accessories,CUST0285,Weekday,Chattogram,Female,2024,Qtr 2,June,23,ORD-01325,Keyboard,1,Corporate Sales,6150,6150,Sunday
58,Accessories,CUST0285,Weekday,Chattogram,Female,2024,Qtr 2,June,24,ORD-01176,Headphones,2,Marketplace,24600,12300,Monday
58,Accessories,CUST0285,Weekend,Chattogram,Female,2023,Qtr 1,January,14,ORD-00384,Headphones,1,Online,12300,12300,Saturday
63,Accessories,CUST0286,Weekday,Sylhet,TIE - Review,2023,Qtr 1,March,21,ORD-00741,Keyboard,2,Corporate Sales,12300,6150,Tuesday
60,Accessories,CUST0287,Weekday,Dhaka,Female,2024,Qtr 3,July,23,ORD-01876,Mouse,2,Retail Store,7380,3690,Tuesday
55,Accessories,CUST0288,Weekday,Khulna,Male,2023,Qtr 2,May,28,ORD-00691,Keyboard,3,Marketplace,18450,6150,Sunday
55,Accessories,CUST0288,Weekday,Khulna,Male,2023,Qtr 3,July,4,ORD-00092,Headphones,2,Online,24600,12300,Tuesday
55,Accessories,CUST0288,Weekday,Khulna,Male,2024,Qtr 1,January,23,ORD-01512,Headphones,1,Marketplace,12300,12300,Tuesday
37,Accessories,CUST0289,Weekday,Mymensingh,Female,2024,Qtr 1,January,1,ORD-01225,Headphones,4,Corporate Sales,49200,12300,Monday
37,Accessories,CUST0289,Weekday,Mymensingh,Female,2024,Qtr 3,September,5,ORD-01914,Headphones,1,Corporate Sales,12300,12300,Thursday
37,Accessories,CUST0290,Weekday,Dhaka,Female,2023,Qtr 2,April,20,ORD-00894,Headphones,5,Online,61500,12300,Thursday
37,Accessories,CUST0290,Weekday,Dhaka,Female,2024,Qtr 1,March,12,ORD-00066,Mouse,4,Online,14760,3690,Tuesday
37,Accessories,CUST0290,Weekday,Dhaka,Female,2024,Qtr 4,October,28,ORD-01079,Keyboard,4,Marketplace,24600,6150,Monday
37,Accessories,CUST0290,Weekend,Dhaka,Female,2023,Qtr 3,September,30,ORD-00420,Headphones,3,Corporate Sales,36900,12300,Saturday
49,Accessories,CUST0291,Weekday,Rajshahi,Female,2023,Qtr 2,April,19,ORD-00382,Mouse,1,Corporate Sales,3690,3690,Wednesday
21,Accessories,CUST0292,Weekday,Dhaka,Male,2023,Qtr 2,May,24,ORD-00907,Mouse,4,Retail Store,14760,3690,Wednesday
21,Accessories,CUST0292,Weekday,Dhaka,Male,2024,Qtr 2,June,3,ORD-01306,Keyboard,5,Corporate Sales,30750,6150,Monday
21,Accessories,CUST0292,Weekday,Dhaka,Male,2024,Qtr 4,October,13,ORD-01330,Keyboard,5,Marketplace,30750,6150,Sunday
21,Accessories,CUST0292,Weekday,Dhaka,Male,2024,Qtr 4,December,24,ORD-01533,Headphones,3,Marketplace,36900,12300,Tuesday
32,Accessories,CUST0293,Weekday,Chattogram,Male,2024,Qtr 4,December,22,ORD-01493,Keyboard,5,Corporate Sales,30750,6150,Sunday
32,Accessories,CUST0293,Weekend,Chattogram,Male,2024,Qtr 4,December,28,ORD-01769,Mouse,3,Marketplace,11070,3690,Saturday
49,Accessories,CUST0294,Weekday,Sylhet,Female,2023,Qtr 3,September,11,ORD-00487,Mouse,5,Marketplace,18450,3690,Monday
49,Accessories,CUST0294,Weekday,Sylhet,Female,2024,Qtr 1,January,2,ORD-01640,Mouse,3,Marketplace,11070,3690,Tuesday
49,Accessories,CUST0294,Weekday,Sylhet,Female,2024,Qtr 2,April,3,ORD-01727,Keyboard,1,Marketplace,6150,6150,Wednesday
49,Accessories,CUST0294,Weekday,Sylhet,Female,2024,Qtr 3,July,16,ORD-01793,Mouse,1,Online,3690,3690,Tuesday
26,Accessories,CUST0295,Weekend,Dhaka,TIE - Review,2023,Qtr 2,June,10,ORD-00886,Mouse,1,Corporate Sales,3690,3690,Saturday
26,Accessories,CUST0295,Weekend,Dhaka,TIE - Review,2024,Qtr 2,May,3,ORD-01132,Mouse,4,Corporate Sales,14760,3690,Friday
50,Accessories,CUST0296,Weekday,Chattogram,Female,2023,Qtr 3,July,25,ORD-00071,Keyboard,2,Corporate Sales,12300,6150,Tuesday
50,Accessories,CUST0296,Weekday,Chattogram,Female,2023,Qtr 4,November,15,ORD-00481,Mouse,1,Marketplace,3690,3690,Wednesday
50,Accessories,CUST0296,Weekday,Chattogram,Female,2024,Qtr 2,April,11,ORD-01365,Mouse,2,Corporate Sales,7380,3690,Thursday
50,Accessories,CUST0296,Weekday,Chattogram,Female,2024,Qtr 3,September,3,ORD-01042,Mouse,4,Marketplace,14760,3690,Tuesday
61,Accessories,CUST0297,Weekday,Rangpur,Male,2024,Qtr 3,July,10,ORD-01164,Mouse,5,Retail Store,18450,3690,Wednesday
58,Accessories,CUST0298,Weekday,Dhaka,TIE - Review,2023,Qtr 2,June,21,ORD-00765,Mouse,4,Marketplace,14760,3690,Wednesday
58,Accessories,CUST0298,Weekday,Dhaka,TIE - Review,2023,Qtr 3,September,17,ORD-00034,Headphones,5,Online,61500,12300,Sunday
58,Accessories,CUST0298,Weekday,Dhaka,TIE - Review,2024,Qtr 1,January,21,ORD-01256,Keyboard,5,Marketplace,30750,6150,Sunday
58,Accessories,CUST0298,Weekday,Dhaka,TIE - Review,2024,Qtr 4,December,11,ORD-01199,Mouse,2,Online,7380,3690,Wednesday
58,Accessories,CUST0299,Weekday,Khulna,Female,2023,Qtr 1,January,16,ORD-00144,Headphones,5,Online,61500,12300,Monday
58,Accessories,CUST0299,Weekday,Khulna,Female,2023,Qtr 1,March,27,ORD-00966,Mouse,2,Online,7380,3690,Monday
58,Accessories,CUST0299,Weekday,Khulna,Female,2023,Qtr 3,August,30,ORD-00041,Keyboard,2,Retail Store,12300,6150,Wednesday
58,Accessories,CUST0299,Weekday,Khulna,Female,2024,Qtr 1,January,4,ORD-01429,Headphones,2,Online,24600,12300,Thursday
58,Accessories,CUST0299,Weekday,Khulna,Female,2024,Qtr 4,December,25,ORD-01084,Headphones,4,Online,49200,12300,Wednesday
58,Accessories,CUST0299,Weekend,Khulna,Female,2024,Qtr 4,November,22,ORD-01021,Headphones,2,Retail Store,24600,12300,Friday
66,Accessories,CUST0300,Weekday,Dhaka,TIE - Review,2023,Qtr 1,January,17,ORD-00271,Mouse,3,Marketplace,11070,3690,Tuesday
66,Accessories,CUST0300,Weekday,Dhaka,TIE - Review,2024,Qtr 3,August,12,ORD-01630,Headphones,2,Corporate Sales,24600,12300,Monday
38,Electronics,CUST0001,Weekday,Chattogram,TIE - Review,2023,Qtr 2,April,26,ORD-00851,Laptop,4,Retail Store,738000,184500,Wednesday
38,Electronics,CUST0001,Weekday,Chattogram,TIE - Review,2024,Qtr 2,April,11,ORD-01788,Laptop,4,Corporate Sales,738000,184500,Thursday
38,Electronics,CUST0001,Weekday,Chattogram,TIE - Review,2024,Qtr 3,July,17,ORD-01178,Laptop,4,Corporate Sales,738000,184500,Wednesday
23,Electronics,CUST0002,Weekday,Rajshahi,Male,2023,Qtr 3,September,10,ORD-00119,Smartphone,1,Marketplace,98400,98400,Sunday
23,Electronics,CUST0002,Weekend,Rajshahi,Male,2024,Qtr 1,January,19,ORD-01932,Monitor,3,Marketplace,110700,36900,Friday
63,Electronics,CUST0003,Weekday,Dhaka,Male,2023,Qtr 4,November,6,ORD-00128,Smartphone,5,Online,492000,98400,Monday
63,Electronics,CUST0003,Weekday,Dhaka,Male,2024,Qtr 1,January,28,ORD-01889,Monitor,2,Retail Store,73800,36900,Sunday
65,Electronics,CUST0004,Weekday,Chattogram,Male,2023,Qtr 1,February,14,ORD-00919,Monitor,3,Online,110700,36900,Tuesday
65,Electronics,CUST0004,Weekend,Chattogram,Male,2023,Qtr 4,December,29,ORD-00925,Smartphone,5,Corporate Sales,492000,98400,Friday
56,Electronics,CUST0005,Weekday,Rangpur,Female,2024,Qtr 2,April,23,ORD-01621,Smartphone,2,Online,196800,98400,Tuesday
52,Electronics,CUST0006,Weekday,Dhaka,TIE - Review,2023,Qtr 3,September,17,ORD-00060,Laptop,5,Marketplace,922500,184500,Sunday
52,Electronics,CUST0006,Weekend,Dhaka,TIE - Review,2023,Qtr 1,February,18,ORD-00086,Monitor,3,Online,110700,36900,Saturday
52,Electronics,CUST0006,Weekend,Dhaka,TIE - Review,2024,Qtr 2,April,13,ORD-01865,Monitor,3,Retail Store,110700,36900,Saturday
52,Electronics,CUST0007,Weekday,Khulna,Female,2024,Qtr 1,February,4,ORD-01357,Smartphone,4,Retail Store,393600,98400,Sunday
52,Electronics,CUST0007,Weekday,Khulna,Female,2024,Qtr 3,July,21,ORD-01208,Laptop,1,Corporate Sales,184500,184500,Sunday
52,Electronics,CUST0007,Weekday,Khulna,Female,2024,Qtr 4,October,16,ORD-01134,Laptop,3,Online,553500,184500,Wednesday
52,Electronics,CUST0007,Weekend,Khulna,Female,2024,Qtr 4,October,18,ORD-01651,Monitor,5,Corporate Sales,184500,36900,Friday
18,Electronics,CUST0008,Weekday,Barishal,Female,2023,Qtr 1,January,10,ORD-00669,Monitor,2,Online,73800,36900,Tuesday
18,Electronics,CUST0008,Weekday,Barishal,Female,2024,Qtr 1,January,22,ORD-01222,Monitor,3,Online,110700,36900,Monday
50,Electronics,CUST0009,Weekend,Dhaka,Male,2024,Qtr 4,December,20,ORD-01910,Smartphone,4,Online,393600,98400,Friday
37,Electronics,CUST0010,Weekday,Rajshahi,TIE - Review,2023,Qtr 1,January,4,ORD-00813,Smartphone,5,Online,492000,98400,Wednesday
37,Electronics,CUST0010,Weekday,Rajshahi,TIE - Review,2023,Qtr 1,March,30,ORD-00333,Monitor,1,Marketplace,36900,36900,Thursday
37,Electronics,CUST0010,Weekday,Rajshahi,TIE - Review,2023,Qtr 4,December,27,ORD-00670,Laptop,3,Online,553500,184500,Wednesday
37,Electronics,CUST0010,Weekday,Rajshahi,TIE - Review,2024,Qtr 2,April,3,ORD-01308,Monitor,3,Corporate Sales,110700,36900,Wednesday
54,Electronics,CUST0011,Weekday,Dhaka,TIE - Review,2023,Qtr 2,April,6,ORD-00417,Smartphone,2,Corporate Sales,196800,98400,Thursday
54,Electronics,CUST0011,Weekday,Dhaka,TIE - Review,2023,Qtr 3,August,22,ORD-00602,Smartphone,5,Online,492000,98400,Tuesday
54,Electronics,CUST0011,Weekday,Dhaka,TIE - Review,2024,Qtr 1,February,13,ORD-01143,Laptop,1,Retail Store,184500,184500,Tuesday
28,Electronics,CUST0012,Weekday,Chattogram,Male,2023,Qtr 1,March,12,ORD-00469,Monitor,5,Marketplace,184500,36900,Sunday
28,Electronics,CUST0012,Weekday,Chattogram,Male,2023,Qtr 3,August,31,ORD-00402,Laptop,1,Corporate Sales,184500,184500,Thursday
28,Electronics,CUST0012,Weekend,Chattogram,Male,2023,Qtr 1,February,11,ORD-00564,Monitor,2,Corporate Sales,73800,36900,Saturday
55,Electronics,CUST0013,Weekday,Sylhet,Female,2024,Qtr 3,July,31,ORD-01908,Laptop,2,Online,369000,184500,Wednesday
20,Electronics,CUST0014,Weekday,Dhaka,Male,2023,Qtr 4,December,18,ORD-00956,Monitor,1,Marketplace,36900,36900,Monday
58,Electronics,CUST0015,Weekday,Khulna,Male,2024,Qtr 3,September,17,ORD-01702,Monitor,1,Corporate Sales,36900,36900,Tuesday
58,Electronics,CUST0015,Weekend,Khulna,Male,2023,Qtr 3,July,21,ORD-00869,Laptop,5,Online,922500,184500,Friday
61,Electronics,CUST0016,Weekday,Mymensingh,Female,2023,Qtr 1,January,10,ORD-00273,Smartphone,1,Marketplace,98400,98400,Tuesday
61,Electronics,CUST0016,Weekday,Mymensingh,Female,2023,Qtr 4,October,3,ORD-00308,Smartphone,2,Retail Store,196800,98400,Tuesday
61,Electronics,CUST0016,Weekday,Mymensingh,Female,2024,Qtr 2,May,20,ORD-01360,Smartphone,5,Corporate Sales,492000,98400,Monday
61,Electronics,CUST0016,Weekend,Mymensingh,Female,2023,Qtr 1,January,14,ORD-00448,Monitor,1,Marketplace,36900,36900,Saturday
61,Electronics,CUST0016,Weekend,Mymensingh,Female,2024,Qtr 3,September,21,ORD-01755,Smartphone,5,Corporate Sales,492000,98400,Saturday
36,Electronics,CUST0017,Weekday,Dhaka,Female,2024,Qtr 2,April,23,ORD-01112,Smartphone,3,Online,295200,98400,Tuesday
36,Electronics,CUST0017,Weekend,Dhaka,Female,2024,Qtr 1,February,3,ORD-01563,Laptop,2,Online,369000,184500,Saturday
36,Electronics,CUST0017,Weekend,Dhaka,Female,2024,Qtr 3,September,28,ORD-01737,Laptop,5,Online,922500,184500,Saturday
38,Electronics,CUST0018,Weekday,Rajshahi,Female,2023,Qtr 2,April,16,ORD-00865,Monitor,2,Marketplace,73800,36900,Sunday
38,Electronics,CUST0018,Weekend,Rajshahi,Female,2024,Qtr 2,May,4,ORD-01597,Monitor,3,Marketplace,110700,36900,Saturday
38,Electronics,CUST0018,Weekend,Rajshahi,Female,2024,Qtr 2,May,11,ORD-00087,Laptop,3,Online,553500,184500,Saturday
69,Electronics,CUST0019,Weekday,Dhaka,Male,2023,Qtr 2,April,5,ORD-00381,Monitor,1,Retail Store,36900,36900,Wednesday
69,Electronics,CUST0019,Weekday,Dhaka,Male,2023,Qtr 4,November,7,ORD-00915,Smartphone,4,Marketplace,393600,98400,Tuesday
69,Electronics,CUST0019,Weekday,Dhaka,Male,2024,Qtr 1,February,21,ORD-01870,Monitor,3,Corporate Sales,110700,36900,Wednesday
55,Electronics,CUST0020,Weekday,Chattogram,Female,2023,Qtr 3,September,13,ORD-00680,Smartphone,4,Retail Store,393600,98400,Wednesday
55,Electronics,CUST0020,Weekday,Chattogram,Female,2023,Qtr 4,October,26,ORD-00529,Monitor,1,Corporate Sales,36900,36900,Thursday
55,Electronics,CUST0020,Weekday,Chattogram,Female,2024,Qtr 2,May,20,ORD-01503,Monitor,2,Online,73800,36900,Monday
55,Electronics,CUST0020,Weekend,Chattogram,Female,2024,Qtr 2,April,5,ORD-01749,Smartphone,1,Marketplace,98400,98400,Friday
33,Electronics,CUST0022,Weekday,Dhaka,Female,2023,Qtr 3,September,12,ORD-00532,Smartphone,3,Corporate Sales,295200,98400,Tuesday
33,Electronics,CUST0022,Weekday,Dhaka,Female,2024,Qtr 2,June,2,ORD-01297,Smartphone,1,Corporate Sales,98400,98400,Sunday
33,Electronics,CUST0022,Weekday,Dhaka,Female,2024,Qtr 4,December,19,ORD-01361,Smartphone,2,Online,196800,98400,Thursday
33,Electronics,CUST0022,Weekend,Dhaka,Female,2023,Qtr 2,April,15,ORD-00509,Laptop,2,Retail Store,369000,184500,Saturday
29,Electronics,CUST0023,Weekday,Chattogram,Male,2023,Qtr 3,July,20,ORD-00233,Monitor,3,Retail Store,110700,36900,Thursday
29,Electronics,CUST0023,Weekday,Chattogram,Male,2023,Qtr 4,October,30,ORD-00467,Monitor,5,Corporate Sales,184500,36900,Monday
29,Electronics,CUST0023,Weekday,Chattogram,Male,2024,Qtr 3,September,22,ORD-01129,Laptop,1,Online,184500,184500,Sunday
29,Electronics,CUST0023,Weekend,Chattogram,Male,2023,Qtr 1,January,7,ORD-00992,Laptop,5,Online,922500,184500,Saturday
57,Electronics,CUST0024,Weekday,Rangpur,Female,2023,Qtr 4,November,22,ORD-00491,Laptop,1,Corporate Sales,184500,184500,Wednesday
57,Electronics,CUST0024,Weekend,Rangpur,Female,2023,Qtr 3,September,2,ORD-00424,Monitor,2,Marketplace,73800,36900,Saturday
57,Electronics,CUST0024,Weekend,Rangpur,Female,2024,Qtr 4,November,8,ORD-01353,Monitor,5,Corporate Sales,184500,36900,Friday
56,Electronics,CUST0025,Weekday,Dhaka,Female,2023,Qtr 2,May,22,ORD-00598,Monitor,3,Marketplace,110700,36900,Monday
56,Electronics,CUST0025,Weekday,Dhaka,Female,2023,Qtr 3,July,25,ORD-00639,Monitor,1,Retail Store,36900,36900,Tuesday
56,Electronics,CUST0025,Weekday,Dhaka,Female,2024,Qtr 2,April,16,ORD-01587,Monitor,4,Marketplace,147600,36900,Tuesday
27,Electronics,CUST0026,Weekday,Khulna,TIE - Review,2023,Qtr 2,May,2,ORD-00378,Smartphone,5,Online,492000,98400,Tuesday
27,Electronics,CUST0026,Weekday,Khulna,TIE - Review,2023,Qtr 4,November,23,ORD-00141,Monitor,1,Retail Store,36900,36900,Thursday
27,Electronics,CUST0026,Weekday,Khulna,TIE - Review,2024,Qtr 4,October,31,ORD-01594,Monitor,3,Retail Store,110700,36900,Thursday
27,Electronics,CUST0026,Weekend,Khulna,TIE - Review,2024,Qtr 4,December,14,ORD-01115,Smartphone,4,Retail Store,393600,98400,Saturday
36,Electronics,CUST0027,Weekday,Barishal,Female,2023,Qtr 1,March,19,ORD-00203,Monitor,2,Retail Store,73800,36900,Sunday
36,Electronics,CUST0027,Weekday,Barishal,Female,2023,Qtr 4,October,16,ORD-00272,Laptop,4,Marketplace,738000,184500,Monday
36,Electronics,CUST0027,Weekday,Barishal,Female,2024,Qtr 2,May,21,ORD-01366,Smartphone,4,Online,393600,98400,Tuesday
36,Electronics,CUST0027,Weekday,Barishal,Female,2024,Qtr 4,October,28,ORD-01358,Laptop,1,Retail Store,184500,184500,Monday
50,Electronics,CUST0028,Weekday,Chattogram,Male,2023,Qtr 1,February,22,ORD-00350,Laptop,1,Online,184500,184500,Wednesday
50,Electronics,CUST0028,Weekday,Chattogram,Male,2024,Qtr 3,July,2,ORD-01111,Smartphone,5,Online,492000,98400,Tuesday
50,Electronics,CUST0028,Weekday,Chattogram,Male,2024,Qtr 3,September,5,ORD-01540,Laptop,4,Marketplace,738000,184500,Thursday
50,Electronics,CUST0028,Weekend,Chattogram,Male,2023,Qtr 1,January,28,ORD-00940,Monitor,4,Online,147600,36900,Saturday
50,Electronics,CUST0028,Weekend,Chattogram,Male,2023,Qtr 3,August,5,ORD-00317,Monitor,1,Retail Store,36900,36900,Saturday
66,Electronics,CUST0029,Weekday,Rajshahi,TIE - Review,2023,Qtr 2,April,3,ORD-00891,Monitor,1,Marketplace,36900,36900,Monday
66,Electronics,CUST0029,Weekday,Rajshahi,TIE - Review,2023,Qtr 4,October,10,ORD-00634,Laptop,2,Corporate Sales,369000,184500,Tuesday
66,Electronics,CUST0029,Weekday,Rajshahi,TIE - Review,2024,Qtr 3,August,6,ORD-01113,Smartphone,1,Retail Store,98400,98400,Tuesday
66,Electronics,CUST0029,Weekday,Rajshahi,TIE - Review,2024,Qtr 4,October,9,ORD-01781,Smartphone,5,Corporate Sales,492000,98400,Wednesday
66,Electronics,CUST0029,Weekday,Rajshahi,TIE - Review,2024,Qtr 4,December,18,ORD-01160,Laptop,2,Retail Store,369000,184500,Wednesday
44,Electronics,CUST0030,Weekday,Dhaka,Female,2023,Qtr 3,July,3,ORD-00611,Smartphone,5,Retail Store,492000,98400,Monday
67,Electronics,CUST0031,Weekday,Chattogram,Male,2023,Qtr 4,October,22,ORD-00325,Smartphone,5,Corporate Sales,492000,98400,Sunday
67,Electronics,CUST0031,Weekday,Chattogram,Male,2023,Qtr 4,November,1,ORD-00632,Laptop,4,Marketplace,738000,184500,Wednesday
67,Electronics,CUST0031,Weekday,Chattogram,Male,2023,Qtr 4,December,14,ORD-00926,Smartphone,3,Online,295200,98400,Thursday
67,Electronics,CUST0031,Weekday,Chattogram,Male,2024,Qtr 2,April,11,ORD-01453,Laptop,2,Marketplace,369000,184500,Thursday
67,Electronics,CUST0031,Weekday,Chattogram,Male,2024,Qtr 3,July,22,ORD-01491,Smartphone,5,Online,492000,98400,Monday
67,Electronics,CUST0031,Weekday,Chattogram,Male,2024,Qtr 3,August,22,ORD-01394,Smartphone,5,Marketplace,492000,98400,Thursday
63,Electronics,CUST0032,Weekday,Rangpur,Male,2023,Qtr 1,March,21,ORD-00279,Monitor,5,Online,184500,36900,Tuesday
63,Electronics,CUST0032,Weekend,Rangpur,Male,2023,Qtr 4,December,8,ORD-00554,Smartphone,2,Corporate Sales,196800,98400,Friday
63,Electronics,CUST0032,Weekend,Rangpur,Male,2023,Qtr 4,December,30,ORD-00383,Laptop,3,Corporate Sales,553500,184500,Saturday
65,Electronics,CUST0034,Weekday,Khulna,Female,2024,Qtr 1,March,28,ORD-01201,Laptop,5,Corporate Sales,922500,184500,Thursday
65,Electronics,CUST0034,Weekend,Khulna,Female,2023,Qtr 2,April,8,ORD-00781,Laptop,5,Marketplace,922500,184500,Saturday
33,Electronics,CUST0036,Weekday,Dhaka,TIE - Review,2023,Qtr 3,July,23,ORD-00524,Smartphone,4,Corporate Sales,393600,98400,Sunday
33,Electronics,CUST0036,Weekday,Dhaka,TIE - Review,2024,Qtr 4,December,16,ORD-01667,Monitor,5,Online,184500,36900,Monday
51,Electronics,CUST0037,Weekday,Rajshahi,TIE - Review,2023,Qtr 2,May,22,ORD-00761,Smartphone,3,Marketplace,295200,98400,Monday
51,Electronics,CUST0037,Weekday,Rajshahi,TIE - Review,2024,Qtr 2,April,10,ORD-01785,Monitor,5,Online,184500,36900,Wednesday
51,Electronics,CUST0037,Weekday,Rajshahi,TIE - Review,2024,Qtr 2,April,10,ORD-01787,Monitor,4,Retail Store,147600,36900,Wednesday
51,Electronics,CUST0037,Weekday,Rajshahi,TIE - Review,2024,Qtr 2,June,24,ORD-01873,Laptop,4,Marketplace,738000,184500,Monday
51,Electronics,CUST0037,Weekday,Rajshahi,TIE - Review,2024,Qtr 4,November,26,ORD-01489,Smartphone,1,Corporate Sales,98400,98400,Tuesday
57,Electronics,CUST0038,Weekday,Dhaka,Male,2023,Qtr 2,June,1,ORD-00746,Smartphone,2,Marketplace,196800,98400,Thursday
57,Electronics,CUST0038,Weekday,Dhaka,Male,2023,Qtr 4,December,18,ORD-00565,Monitor,2,Corporate Sales,73800,36900,Monday
57,Electronics,CUST0038,Weekday,Dhaka,Male,2024,Qtr 1,March,5,ORD-01404,Laptop,2,Retail Store,369000,184500,Tuesday
57,Electronics,CUST0038,Weekday,Dhaka,Male,2024,Qtr 1,March,25,ORD-01072,Monitor,2,Corporate Sales,73800,36900,Monday
57,Electronics,CUST0038,Weekend,Dhaka,Male,2023,Qtr 4,November,17,ORD-00031,Monitor,2,Online,73800,36900,Friday
60,Electronics,CUST0039,Weekday,Chattogram,Male,2023,Qtr 3,September,6,ORD-00657,Laptop,1,Online,184500,184500,Wednesday
60,Electronics,CUST0039,Weekday,Chattogram,Male,2024,Qtr 1,February,20,ORD-01854,Smartphone,3,Retail Store,295200,98400,Tuesday
60,Electronics,CUST0039,Weekend,Chattogram,Male,2023,Qtr 3,August,11,ORD-00327,Smartphone,2,Retail Store,196800,98400,Friday
29,Electronics,CUST0040,Weekday,Sylhet,TIE - Review,2024,Qtr 2,June,23,ORD-01751,Smartphone,5,Online,492000,98400,Sunday
29,Electronics,CUST0040,Weekday,Sylhet,TIE - Review,2024,Qtr 3,September,18,ORD-01061,Smartphone,5,Retail Store,492000,98400,Wednesday
29,Electronics,CUST0040,Weekday,Sylhet,TIE - Review,2024,Qtr 4,December,31,ORD-01056,Laptop,1,Marketplace,184500,184500,Tuesday
29,Electronics,CUST0040,Weekend,Sylhet,TIE - Review,2024,Qtr 3,September,13,ORD-01617,Smartphone,2,Retail Store,196800,98400,Friday
64,Electronics,CUST0041,Weekday,Dhaka,Male,2023,Qtr 3,August,8,ORD-00061,Smartphone,4,Corporate Sales,393600,98400,Tuesday
64,Electronics,CUST0041,Weekday,Dhaka,Male,2023,Qtr 4,October,2,ORD-00355,Smartphone,4,Corporate Sales,393600,98400,Monday
64,Electronics,CUST0041,Weekend,Dhaka,Male,2024,Qtr 2,May,31,ORD-01564,Smartphone,5,Online,492000,98400,Friday
64,Electronics,CUST0041,Weekend,Dhaka,Male,2024,Qtr 3,July,27,ORD-01814,Monitor,5,Online,184500,36900,Saturday
64,Electronics,CUST0041,Weekend,Dhaka,Male,2024,Qtr 4,December,7,ORD-01858,Laptop,4,Corporate Sales,738000,184500,Saturday
57,Electronics,CUST0042,Weekday,Chattogram,Female,2023,Qtr 4,November,8,ORD-00675,Smartphone,2,Corporate Sales,196800,98400,Wednesday
57,Electronics,CUST0042,Weekday,Chattogram,Female,2024,Qtr 1,January,10,ORD-01950,Monitor,5,Corporate Sales,184500,36900,Wednesday
57,Electronics,CUST0042,Weekday,Chattogram,Female,2024,Qtr 1,February,11,ORD-01569,Monitor,2,Corporate Sales,73800,36900,Sunday
57,Electronics,CUST0042,Weekday,Chattogram,Female,2024,Qtr 2,April,23,ORD-01578,Monitor,3,Retail Store,110700,36900,Tuesday
57,Electronics,CUST0042,Weekday,Chattogram,Female,2024,Qtr 4,November,7,ORD-01929,Laptop,3,Marketplace,553500,184500,Thursday
22,Electronics,CUST0043,Weekday,Mymensingh,Male,2024,Qtr 4,November,4,ORD-01328,Smartphone,3,Retail Store,295200,98400,Monday
22,Electronics,CUST0043,Weekend,Mymensingh,Male,2024,Qtr 3,August,17,ORD-01720,Laptop,4,Online,738000,184500,Saturday
30,Electronics,CUST0044,Weekday,Dhaka,Male,2023,Qtr 1,February,23,ORD-00613,Smartphone,1,Marketplace,98400,98400,Thursday
30,Electronics,CUST0044,Weekday,Dhaka,Male,2023,Qtr 3,July,25,ORD-00342,Monitor,2,Retail Store,73800,36900,Tuesday
30,Electronics,CUST0044,Weekday,Dhaka,Male,2023,Qtr 3,September,3,ORD-00591,Monitor,4,Marketplace,147600,36900,Sunday
30,Electronics,CUST0044,Weekday,Dhaka,Male,2024,Qtr 2,May,7,ORD-01942,Laptop,4,Retail Store,738000,184500,Tuesday
30,Electronics,CUST0044,Weekday,Dhaka,Male,2024,Qtr 4,October,27,ORD-01481,Monitor,1,Retail Store,36900,36900,Sunday
30,Electronics,CUST0044,Weekend,Dhaka,Male,2023,Qtr 3,July,29,ORD-00703,Monitor,1,Corporate Sales,36900,36900,Saturday
30,Electronics,CUST0044,Weekend,Dhaka,Male,2024,Qtr 4,November,1,ORD-01505,Monitor,4,Retail Store,147600,36900,Friday
21,Electronics,CUST0045,Weekday,Rajshahi,TIE - Review,2023,Qtr 4,November,7,ORD-00163,Smartphone,3,Online,295200,98400,Tuesday
21,Electronics,CUST0045,Weekend,Rajshahi,TIE - Review,2024,Qtr 2,May,31,ORD-01600,Smartphone,4,Corporate Sales,393600,98400,Friday
22,Electronics,CUST0046,Weekday,Dhaka,Female,2023,Qtr 2,June,20,ORD-00115,Laptop,3,Marketplace,553500,184500,Tuesday
22,Electronics,CUST0046,Weekday,Dhaka,Female,2024,Qtr 3,September,22,ORD-01247,Smartphone,1,Online,98400,98400,Sunday
22,Electronics,CUST0046,Weekend,Dhaka,Female,2023,Qtr 4,December,16,ORD-00849,Laptop,2,Corporate Sales,369000,184500,Saturday
22,Electronics,CUST0046,Weekend,Dhaka,Female,2024,Qtr 3,August,9,ORD-01039,Laptop,2,Retail Store,369000,184500,Friday
41,Electronics,CUST0047,Weekday,Chattogram,Female,2024,Qtr 2,April,15,ORD-01487,Laptop,2,Marketplace,369000,184500,Monday
41,Electronics,CUST0047,Weekday,Chattogram,Female,2024,Qtr 2,May,14,ORD-01258,Smartphone,5,Retail Store,492000,98400,Tuesday
41,Electronics,CUST0047,Weekday,Chattogram,Female,2024,Qtr 2,May,27,ORD-01699,Laptop,5,Retail Store,922500,184500,Monday
41,Electronics,CUST0047,Weekend,Chattogram,Female,2023,Qtr 4,October,21,ORD-00505,Laptop,1,Marketplace,184500,184500,Saturday
41,Electronics,CUST0047,Weekend,Chattogram,Female,2024,Qtr 4,November,23,ORD-01791,Smartphone,1,Marketplace,98400,98400,Saturday
34,Electronics,CUST0048,Weekend,Sylhet,Male,2023,Qtr 2,May,5,ORD-00576,Monitor,2,Retail Store,73800,36900,Friday
34,Electronics,CUST0048,Weekend,Sylhet,Male,2023,Qtr 3,September,23,ORD-00568,Monitor,2,Retail Store,73800,36900,Saturday
34,Electronics,CUST0048,Weekend,Sylhet,Male,2024,Qtr 1,March,2,ORD-01423,Monitor,2,Corporate Sales,73800,36900,Saturday
59,Electronics,CUST0049,Weekday,Dhaka,Female,2023,Qtr 1,February,6,ORD-00129,Laptop,1,Online,184500,184500,Monday
59,Electronics,CUST0049,Weekday,Dhaka,Female,2023,Qtr 4,November,26,ORD-00020,Monitor,4,Retail Store,147600,36900,Sunday
40,Electronics,CUST0050,Weekday,Chattogram,TIE - Review,2024,Qtr 3,September,19,ORD-01265,Smartphone,1,Corporate Sales,98400,98400,Thursday
40,Electronics,CUST0050,Weekday,Chattogram,TIE - Review,2024,Qtr 4,November,24,ORD-01016,Laptop,4,Marketplace,738000,184500,Sunday
40,Electronics,CUST0050,Weekend,Chattogram,TIE - Review,2023,Qtr 3,July,21,ORD-00931,Laptop,1,Corporate Sales,184500,184500,Friday
41,Electronics,CUST0051,Weekday,Rangpur,TIE - Review,2023,Qtr 4,December,7,ORD-00651,Laptop,3,Corporate Sales,553500,184500,Thursday
41,Electronics,CUST0051,Weekday,Rangpur,TIE - Review,2024,Qtr 2,June,26,ORD-01904,Monitor,5,Corporate Sales,184500,36900,Wednesday
41,Electronics,CUST0051,Weekday,Rangpur,TIE - Review,2024,Qtr 3,September,9,ORD-01704,Monitor,2,Marketplace,73800,36900,Monday
41,Electronics,CUST0051,Weekend,Rangpur,TIE - Review,2024,Qtr 1,January,12,ORD-01033,Monitor,3,Online,110700,36900,Friday
66,Electronics,CUST0052,Weekday,Dhaka,Male,2023,Qtr 3,July,2,ORD-00229,Monitor,2,Corporate Sales,73800,36900,Sunday
66,Electronics,CUST0052,Weekday,Dhaka,Male,2023,Qtr 3,September,12,ORD-00463,Monitor,4,Corporate Sales,147600,36900,Tuesday
66,Electronics,CUST0052,Weekend,Dhaka,Male,2023,Qtr 2,May,27,ORD-00784,Smartphone,4,Retail Store,393600,98400,Saturday
25,Electronics,CUST0053,Weekday,Khulna,Female,2023,Qtr 3,September,18,ORD-00523,Laptop,4,Retail Store,738000,184500,Monday
25,Electronics,CUST0053,Weekend,Khulna,Female,2024,Qtr 1,January,26,ORD-01036,Smartphone,3,Online,295200,98400,Friday
64,Electronics,CUST0054,Weekday,Barishal,Female,2024,Qtr 1,March,24,ORD-01891,Smartphone,1,Online,98400,98400,Sunday
64,Electronics,CUST0054,Weekday,Barishal,Female,2024,Qtr 3,July,8,ORD-01436,Smartphone,4,Retail Store,393600,98400,Monday
64,Electronics,CUST0054,Weekend,Barishal,Female,2023,Qtr 4,October,7,ORD-00465,Smartphone,1,Marketplace,98400,98400,Saturday
45,Electronics,CUST0055,Weekday,Chattogram,Female,2024,Qtr 4,November,5,ORD-01801,Smartphone,1,Retail Store,98400,98400,Tuesday
45,Electronics,CUST0055,Weekend,Chattogram,Female,2024,Qtr 3,September,27,ORD-01599,Monitor,4,Retail Store,147600,36900,Friday
23,Electronics,CUST0056,Weekday,Rajshahi,Female,2024,Qtr 2,April,3,ORD-01053,Laptop,2,Corporate Sales,369000,184500,Wednesday
23,Electronics,CUST0056,Weekday,Rajshahi,Female,2024,Qtr 2,June,2,ORD-01625,Monitor,3,Online,110700,36900,Sunday
62,Electronics,CUST0057,Weekday,Dhaka,TIE - Review,2024,Qtr 4,November,18,ORD-01524,Monitor,5,Corporate Sales,184500,36900,Monday
42,Electronics,CUST0058,Weekday,Chattogram,TIE - Review,2023,Qtr 2,June,6,ORD-00858,Monitor,4,Corporate Sales,147600,36900,Tuesday
42,Electronics,CUST0058,Weekday,Chattogram,TIE - Review,2023,Qtr 3,July,10,ORD-00492,Laptop,4,Marketplace,738000,184500,Monday
42,Electronics,CUST0058,Weekday,Chattogram,TIE - Review,2023,Qtr 3,August,6,ORD-00353,Monitor,2,Retail Store,73800,36900,Sunday
42,Electronics,CUST0058,Weekday,Chattogram,TIE - Review,2024,Qtr 1,January,7,ORD-01551,Monitor,2,Corporate Sales,73800,36900,Sunday
18,Electronics,CUST0059,Weekday,Rangpur,Female,2023,Qtr 2,June,22,ORD-00367,Laptop,2,Retail Store,369000,184500,Thursday
18,Electronics,CUST0059,Weekday,Rangpur,Female,2024,Qtr 4,November,18,ORD-01283,Monitor,1,Online,36900,36900,Monday
18,Electronics,CUST0059,Weekend,Rangpur,Female,2023,Qtr 2,June,10,ORD-00862,Laptop,2,Marketplace,369000,184500,Saturday
18,Electronics,CUST0059,Weekend,Rangpur,Female,2024,Qtr 1,January,19,ORD-01685,Monitor,2,Online,73800,36900,Friday
41,Electronics,CUST0060,Weekday,Dhaka,Male,2024,Qtr 2,April,2,ORD-01402,Laptop,4,Corporate Sales,738000,184500,Tuesday
41,Electronics,CUST0060,Weekend,Dhaka,Male,2023,Qtr 1,January,14,ORD-00036,Laptop,4,Corporate Sales,738000,184500,Saturday
35,Electronics,CUST0061,Weekday,Khulna,Female,2023,Qtr 2,May,7,ORD-00733,Smartphone,1,Retail Store,98400,98400,Sunday
35,Electronics,CUST0061,Weekday,Khulna,Female,2023,Qtr 4,October,25,ORD-00848,Monitor,1,Online,36900,36900,Wednesday
35,Electronics,CUST0061,Weekend,Khulna,Female,2024,Qtr 2,May,11,ORD-01802,Smartphone,1,Marketplace,98400,98400,Saturday
43,Electronics,CUST0062,Weekday,Mymensingh,Male,2023,Qtr 4,November,2,ORD-00337,Monitor,3,Corporate Sales,110700,36900,Thursday
43,Electronics,CUST0062,Weekday,Mymensingh,Male,2024,Qtr 2,April,2,ORD-01135,Monitor,2,Online,73800,36900,Tuesday
43,Electronics,CUST0062,Weekday,Mymensingh,Male,2024,Qtr 2,June,13,ORD-01708,Laptop,5,Online,922500,184500,Thursday
20,Electronics,CUST0063,Weekday,Dhaka,Male,2023,Qtr 4,November,6,ORD-00386,Monitor,4,Online,147600,36900,Monday
20,Electronics,CUST0063,Weekend,Dhaka,Male,2023,Qtr 4,October,28,ORD-00562,Laptop,5,Marketplace,922500,184500,Saturday
61,Electronics,CUST0064,Weekday,Rajshahi,Male,2023,Qtr 2,May,23,ORD-00098,Monitor,4,Online,147600,36900,Tuesday
61,Electronics,CUST0064,Weekday,Rajshahi,Male,2023,Qtr 2,June,14,ORD-00054,Laptop,2,Online,369000,184500,Wednesday
61,Electronics,CUST0064,Weekday,Rajshahi,Male,2023,Qtr 2,June,29,ORD-00090,Smartphone,5,Marketplace,492000,98400,Thursday
61,Electronics,CUST0064,Weekday,Rajshahi,Male,2024,Qtr 3,August,13,ORD-01077,Smartphone,3,Corporate Sales,295200,98400,Tuesday
61,Electronics,CUST0064,Weekend,Rajshahi,Male,2023,Qtr 3,September,1,ORD-00697,Laptop,1,Online,184500,184500,Friday
61,Electronics,CUST0064,Weekend,Rajshahi,Male,2023,Qtr 3,September,15,ORD-00042,Monitor,1,Online,36900,36900,Friday
61,Electronics,CUST0064,Weekend,Rajshahi,Male,2023,Qtr 4,October,28,ORD-00494,Laptop,3,Online,553500,184500,Saturday
61,Electronics,CUST0064,Weekend,Rajshahi,Male,2024,Qtr 4,December,21,ORD-01312,Laptop,3,Marketplace,553500,184500,Saturday
41,Electronics,CUST0065,Weekday,Dhaka,Female,2023,Qtr 3,August,3,ORD-00452,Smartphone,1,Online,98400,98400,Thursday
41,Electronics,CUST0065,Weekend,Dhaka,Female,2023,Qtr 4,December,1,ORD-00363,Smartphone,5,Corporate Sales,492000,98400,Friday
37,Electronics,CUST0066,Weekday,Chattogram,Female,2023,Qtr 1,January,3,ORD-00658,Smartphone,1,Corporate Sales,98400,98400,Tuesday
37,Electronics,CUST0066,Weekday,Chattogram,Female,2023,Qtr 1,January,18,ORD-00140,Laptop,2,Online,369000,184500,Wednesday
19,Electronics,CUST0067,Weekday,Sylhet,Female,2023,Qtr 4,November,8,ORD-00330,Laptop,4,Corporate Sales,738000,184500,Wednesday
19,Electronics,CUST0067,Weekday,Sylhet,Female,2024,Qtr 3,July,22,ORD-01426,Monitor,5,Corporate Sales,184500,36900,Monday
19,Electronics,CUST0067,Weekend,Sylhet,Female,2024,Qtr 2,April,19,ORD-01319,Laptop,1,Retail Store,184500,184500,Friday
64,Electronics,CUST0068,Weekend,Dhaka,Male,2024,Qtr 3,September,6,ORD-01807,Laptop,5,Retail Store,922500,184500,Friday
66,Electronics,CUST0069,Weekday,Chattogram,TIE - Review,2023,Qtr 3,September,26,ORD-00359,Monitor,4,Retail Store,147600,36900,Tuesday
66,Electronics,CUST0069,Weekday,Chattogram,TIE - Review,2024,Qtr 4,October,13,ORD-01642,Laptop,4,Online,738000,184500,Sunday
66,Electronics,CUST0069,Weekend,Chattogram,TIE - Review,2023,Qtr 3,September,23,ORD-00416,Laptop,4,Online,738000,184500,Saturday
23,Electronics,CUST0070,Weekday,Mymensingh,Male,2023,Qtr 2,April,16,ORD-00050,Monitor,3,Online,110700,36900,Sunday
23,Electronics,CUST0070,Weekday,Mymensingh,Male,2023,Qtr 3,July,6,ORD-00710,Smartphone,1,Marketplace,98400,98400,Thursday
23,Electronics,CUST0070,Weekday,Mymensingh,Male,2023,Qtr 4,December,21,ORD-00757,Laptop,5,Retail Store,922500,184500,Thursday
23,Electronics,CUST0070,Weekday,Mymensingh,Male,2024,Qtr 2,June,24,ORD-01054,Smartphone,1,Marketplace,98400,98400,Monday
23,Electronics,CUST0070,Weekday,Mymensingh,Male,2024,Qtr 4,November,4,ORD-01565,Smartphone,5,Marketplace,492000,98400,Monday
23,Electronics,CUST0070,Weekend,Mymensingh,Male,2024,Qtr 3,September,14,ORD-01712,Smartphone,2,Corporate Sales,196800,98400,Saturday
46,Electronics,CUST0071,Weekday,Dhaka,TIE - Review,2023,Qtr 3,September,19,ORD-00635,Monitor,3,Online,110700,36900,Tuesday
46,Electronics,CUST0071,Weekday,Dhaka,TIE - Review,2023,Qtr 4,December,10,ORD-00960,Monitor,1,Corporate Sales,36900,36900,Sunday
46,Electronics,CUST0071,Weekday,Dhaka,TIE - Review,2024,Qtr 1,March,27,ORD-01724,Monitor,5,Marketplace,184500,36900,Wednesday
46,Electronics,CUST0071,Weekday,Dhaka,TIE - Review,2024,Qtr 3,August,11,ORD-01591,Laptop,1,Retail Store,184500,184500,Sunday
46,Electronics,CUST0071,Weekend,Dhaka,TIE - Review,2023,Qtr 1,January,7,ORD-00456,Smartphone,2,Online,196800,98400,Saturday
19,Electronics,CUST0073,Weekday,Dhaka,Male,2023,Qtr 1,January,16,ORD-00065,Monitor,5,Online,184500,36900,Monday
19,Electronics,CUST0073,Weekday,Dhaka,Male,2024,Qtr 2,May,12,ORD-01841,Smartphone,1,Corporate Sales,98400,98400,Sunday
56,Electronics,CUST0075,Weekday,Sylhet,Female,2023,Qtr 3,August,16,ORD-00182,Monitor,2,Corporate Sales,73800,36900,Wednesday
56,Electronics,CUST0075,Weekend,Sylhet,Female,2024,Qtr 1,January,20,ORD-01705,Smartphone,5,Online,492000,98400,Saturday
26,Electronics,CUST0076,Weekday,Dhaka,Male,2023,Qtr 4,November,5,ORD-00255,Monitor,4,Corporate Sales,147600,36900,Sunday
50,Electronics,CUST0077,Weekday,Chattogram,Male,2023,Qtr 1,January,8,ORD-00547,Monitor,3,Retail Store,110700,36900,Sunday
50,Electronics,CUST0077,Weekday,Chattogram,Male,2023,Qtr 2,April,27,ORD-00878,Monitor,3,Retail Store,110700,36900,Thursday
50,Electronics,CUST0077,Weekend,Chattogram,Male,2024,Qtr 1,February,16,ORD-01849,Smartphone,2,Marketplace,196800,98400,Friday
38,Electronics,CUST0078,Weekday,Rangpur,Female,2023,Qtr 1,February,7,ORD-00419,Monitor,1,Online,36900,36900,Tuesday
38,Electronics,CUST0078,Weekday,Rangpur,Female,2023,Qtr 2,May,10,ORD-00127,Laptop,3,Retail Store,553500,184500,Wednesday
38,Electronics,CUST0078,Weekday,Rangpur,Female,2024,Qtr 4,November,11,ORD-01496,Smartphone,2,Corporate Sales,196800,98400,Monday
38,Electronics,CUST0078,Weekday,Rangpur,Female,2024,Qtr 4,December,29,ORD-01944,Monitor,4,Corporate Sales,147600,36900,Sunday
38,Electronics,CUST0078,Weekend,Rangpur,Female,2024,Qtr 1,March,15,ORD-01909,Monitor,5,Online,184500,36900,Friday
26,Electronics,CUST0079,Weekday,Dhaka,Male,2023,Qtr 3,August,24,ORD-00881,Laptop,4,Corporate Sales,738000,184500,Thursday
51,Electronics,CUST0080,Weekday,Khulna,Male,2023,Qtr 3,July,31,ORD-00811,Monitor,5,Online,184500,36900,Monday
51,Electronics,CUST0080,Weekday,Khulna,Male,2023,Qtr 3,September,27,ORD-00774,Smartphone,5,Retail Store,492000,98400,Wednesday
51,Electronics,CUST0080,Weekday,Khulna,Male,2024,Qtr 1,March,3,ORD-01098,Laptop,5,Online,922500,184500,Sunday
51,Electronics,CUST0080,Weekday,Khulna,Male,2024,Qtr 1,March,28,ORD-01689,Monitor,2,Online,73800,36900,Thursday
51,Electronics,CUST0080,Weekday,Khulna,Male,2024,Qtr 2,June,25,ORD-01517,Monitor,4,Online,147600,36900,Tuesday
38,Electronics,CUST0081,Weekday,Barishal,Male,2023,Qtr 1,January,5,ORD-00341,Monitor,5,Corporate Sales,184500,36900,Thursday
38,Electronics,CUST0081,Weekday,Barishal,Male,2023,Qtr 1,January,19,ORD-00708,Monitor,2,Retail Store,73800,36900,Thursday
38,Electronics,CUST0081,Weekday,Barishal,Male,2023,Qtr 3,August,13,ORD-00045,Monitor,1,Online,36900,36900,Sunday
38,Electronics,CUST0081,Weekday,Barishal,Male,2023,Qtr 3,August,27,ORD-00772,Monitor,4,Corporate Sales,147600,36900,Sunday
38,Electronics,CUST0081,Weekday,Barishal,Male,2024,Qtr 3,September,9,ORD-01047,Laptop,5,Marketplace,922500,184500,Monday
38,Electronics,CUST0081,Weekday,Barishal,Male,2024,Qtr 4,November,13,ORD-01789,Smartphone,2,Marketplace,196800,98400,Wednesday
38,Electronics,CUST0081,Weekend,Barishal,Male,2024,Qtr 1,January,20,ORD-01068,Laptop,4,Marketplace,738000,184500,Saturday
30,Electronics,CUST0082,Weekday,Dhaka,Female,2023,Qtr 4,October,11,ORD-00180,Smartphone,4,Marketplace,393600,98400,Wednesday
30,Electronics,CUST0082,Weekday,Dhaka,Female,2023,Qtr 4,December,4,ORD-00138,Laptop,1,Marketplace,184500,184500,Monday
28,Electronics,CUST0083,Weekday,Rajshahi,Male,2024,Qtr 2,April,18,ORD-01696,Monitor,4,Retail Store,147600,36900,Thursday
28,Electronics,CUST0083,Weekend,Rajshahi,Male,2023,Qtr 1,February,17,ORD-00560,Laptop,1,Online,184500,184500,Friday
18,Electronics,CUST0085,Weekday,Chattogram,Male,2023,Qtr 2,May,2,ORD-00525,Smartphone,5,Corporate Sales,492000,98400,Tuesday
18,Electronics,CUST0085,Weekend,Chattogram,Male,2023,Qtr 4,November,25,ORD-00320,Smartphone,1,Retail Store,98400,98400,Saturday
26,Electronics,CUST0086,Weekday,Sylhet,Male,2023,Qtr 1,January,2,ORD-00876,Monitor,2,Marketplace,73800,36900,Monday
26,Electronics,CUST0086,Weekday,Sylhet,Male,2024,Qtr 2,June,11,ORD-01188,Monitor,1,Online,36900,36900,Tuesday
26,Electronics,CUST0086,Weekday,Sylhet,Male,2024,Qtr 4,November,3,ORD-01398,Smartphone,4,Retail Store,393600,98400,Sunday
26,Electronics,CUST0086,Weekend,Sylhet,Male,2024,Qtr 2,May,31,ORD-01019,Laptop,2,Marketplace,369000,184500,Friday
49,Electronics,CUST0087,Weekday,Dhaka,Female,2024,Qtr 1,January,29,ORD-01291,Monitor,2,Corporate Sales,73800,36900,Monday
49,Electronics,CUST0087,Weekend,Dhaka,Female,2023,Qtr 1,January,20,ORD-00701,Monitor,3,Marketplace,110700,36900,Friday
49,Electronics,CUST0087,Weekend,Dhaka,Female,2023,Qtr 3,July,28,ORD-00877,Laptop,2,Marketplace,369000,184500,Friday
49,Electronics,CUST0087,Weekend,Dhaka,Female,2024,Qtr 4,November,30,ORD-01923,Monitor,4,Online,147600,36900,Saturday
66,Electronics,CUST0088,Weekday,Khulna,TIE - Review,2023,Qtr 1,February,6,ORD-00249,Laptop,1,Marketplace,184500,184500,Monday
66,Electronics,CUST0088,Weekday,Khulna,TIE - Review,2023,Qtr 4,October,17,ORD-00806,Laptop,4,Retail Store,738000,184500,Tuesday
66,Electronics,CUST0088,Weekday,Khulna,TIE - Review,2024,Qtr 2,April,24,ORD-01275,Laptop,4,Online,738000,184500,Wednesday
66,Electronics,CUST0088,Weekday,Khulna,TIE - Review,2024,Qtr 2,May,28,ORD-01506,Smartphone,3,Corporate Sales,295200,98400,Tuesday
66,Electronics,CUST0088,Weekday,Khulna,TIE - Review,2024,Qtr 3,September,5,ORD-01105,Smartphone,5,Online,492000,98400,Thursday
66,Electronics,CUST0088,Weekend,Khulna,TIE - Review,2023,Qtr 4,December,8,ORD-00758,Monitor,1,Marketplace,36900,36900,Friday
27,Electronics,CUST0089,Weekday,Mymensingh,Female,2023,Qtr 1,February,21,ORD-00155,Monitor,3,Corporate Sales,110700,36900,Tuesday
27,Electronics,CUST0089,Weekend,Mymensingh,Female,2024,Qtr 1,January,13,ORD-01228,Monitor,1,Marketplace,36900,36900,Saturday
61,Electronics,CUST0090,Weekday,Dhaka,Male,2023,Qtr 2,June,13,ORD-00769,Laptop,4,Marketplace,738000,184500,Tuesday
61,Electronics,CUST0090,Weekday,Dhaka,Male,2024,Qtr 1,January,21,ORD-01649,Laptop,2,Corporate Sales,369000,184500,Sunday
61,Electronics,CUST0090,Weekday,Dhaka,Male,2024,Qtr 1,February,1,ORD-01419,Smartphone,2,Retail Store,196800,98400,Thursday
30,Electronics,CUST0091,Weekday,Rajshahi,TIE - Review,2023,Qtr 3,September,26,ORD-00139,Laptop,5,Online,922500,184500,Tuesday
30,Electronics,CUST0091,Weekend,Rajshahi,TIE - Review,2024,Qtr 1,January,20,ORD-01626,Laptop,5,Online,922500,184500,Saturday
32,Electronics,CUST0092,Weekday,Dhaka,Female,2023,Qtr 3,September,28,ORD-00223,Smartphone,3,Retail Store,295200,98400,Thursday
32,Electronics,CUST0092,Weekend,Dhaka,Female,2024,Qtr 2,April,19,ORD-01063,Laptop,3,Marketplace,553500,184500,Friday
66,Electronics,CUST0093,Weekday,Chattogram,TIE - Review,2023,Qtr 1,February,27,ORD-00170,Monitor,1,Marketplace,36900,36900,Monday
66,Electronics,CUST0093,Weekday,Chattogram,TIE - Review,2023,Qtr 2,May,3,ORD-00935,Monitor,5,Corporate Sales,184500,36900,Wednesday
30,Electronics,CUST0094,Weekday,Sylhet,Male,2023,Qtr 2,April,18,ORD-00214,Laptop,1,Online,184500,184500,Tuesday
60,Electronics,CUST0095,Weekday,Dhaka,Female,2023,Qtr 1,January,12,ORD-00714,Monitor,2,Corporate Sales,73800,36900,Thursday
60,Electronics,CUST0095,Weekday,Dhaka,Female,2023,Qtr 1,January,19,ORD-00276,Smartphone,5,Marketplace,492000,98400,Thursday
60,Electronics,CUST0095,Weekday,Dhaka,Female,2023,Qtr 1,February,26,ORD-00816,Monitor,3,Retail Store,110700,36900,Sunday
60,Electronics,CUST0095,Weekday,Dhaka,Female,2023,Qtr 2,June,18,ORD-00205,Laptop,5,Corporate Sales,922500,184500,Sunday
60,Electronics,CUST0095,Weekday,Dhaka,Female,2023,Qtr 3,August,20,ORD-00445,Monitor,4,Retail Store,147600,36900,Sunday
60,Electronics,CUST0095,Weekend,Dhaka,Female,2023,Qtr 2,April,28,ORD-00597,Laptop,5,Retail Store,922500,184500,Friday
60,Electronics,CUST0095,Weekend,Dhaka,Female,2024,Qtr 2,April,6,ORD-01354,Monitor,3,Corporate Sales,110700,36900,Saturday
60,Electronics,CUST0095,Weekend,Dhaka,Female,2024,Qtr 2,June,29,ORD-01363,Laptop,5,Corporate Sales,922500,184500,Saturday
61,Electronics,CUST0096,Weekday,Chattogram,Female,2023,Qtr 1,February,7,ORD-00068,Smartphone,4,Corporate Sales,393600,98400,Tuesday
61,Electronics,CUST0096,Weekday,Chattogram,Female,2023,Qtr 1,March,9,ORD-00455,Smartphone,5,Marketplace,492000,98400,Thursday
61,Electronics,CUST0096,Weekday,Chattogram,Female,2024,Qtr 2,April,15,ORD-01122,Monitor,2,Corporate Sales,73800,36900,Monday
61,Electronics,CUST0096,Weekday,Chattogram,Female,2024,Qtr 3,August,6,ORD-00372,Monitor,5,Online,184500,36900,Tuesday
34,Electronics,CUST0097,Weekday,Rangpur,TIE - Review,2024,Qtr 1,February,11,ORD-01466,Smartphone,5,Marketplace,492000,98400,Sunday
57,Electronics,CUST0098,Weekday,Dhaka,Female,2024,Qtr 1,March,5,ORD-01748,Smartphone,4,Retail Store,393600,98400,Tuesday
57,Electronics,CUST0098,Weekday,Dhaka,Female,2024,Qtr 4,November,18,ORD-01643,Laptop,1,Marketplace,184500,184500,Monday
57,Electronics,CUST0098,Weekday,Dhaka,Female,2024,Qtr 4,December,22,ORD-01442,Smartphone,4,Marketplace,393600,98400,Sunday
26,Electronics,CUST0099,Weekend,Khulna,TIE - Review,2023,Qtr 3,August,12,ORD-00099,Laptop,4,Marketplace,738000,184500,Saturday
26,Electronics,CUST0099,Weekend,Khulna,TIE - Review,2024,Qtr 2,May,3,ORD-01516,Smartphone,3,Online,295200,98400,Friday
26,Electronics,CUST0099,Weekend,Khulna,TIE - Review,2024,Qtr 3,July,27,ORD-01752,Monitor,2,Retail Store,73800,36900,Saturday
29,Electronics,CUST0100,Weekend,Dhaka,Male,2024,Qtr 2,May,25,ORD-01919,Laptop,3,Marketplace,553500,184500,Saturday
29,Electronics,CUST0100,Weekend,Dhaka,Male,2024,Qtr 3,August,24,ORD-01608,Smartphone,5,Corporate Sales,492000,98400,Saturday
53,Electronics,CUST0101,Weekday,Chattogram,Female,2023,Qtr 2,June,27,ORD-00852,Smartphone,4,Retail Store,393600,98400,Tuesday
53,Electronics,CUST0101,Weekday,Chattogram,Female,2024,Qtr 4,December,5,ORD-01499,Smartphone,4,Online,393600,98400,Thursday
53,Electronics,CUST0101,Weekend,Chattogram,Female,2023,Qtr 1,March,31,ORD-00683,Monitor,4,Online,147600,36900,Friday
25,Electronics,CUST0102,Weekend,Rajshahi,Male,2023,Qtr 4,October,21,ORD-00305,Monitor,3,Retail Store,110700,36900,Saturday
23,Electronics,CUST0103,Weekday,Dhaka,TIE - Review,2023,Qtr 4,October,30,ORD-00370,Smartphone,1,Marketplace,98400,98400,Monday
27,Electronics,CUST0105,Weekday,Rangpur,Male,2023,Qtr 3,September,6,ORD-00645,Laptop,2,Retail Store,369000,184500,Wednesday
50,Electronics,CUST0106,Weekday,Dhaka,Female,2023,Qtr 2,June,8,ORD-00299,Laptop,5,Corporate Sales,922500,184500,Thursday
50,Electronics,CUST0106,Weekday,Dhaka,Female,2023,Qtr 2,June,13,ORD-00904,Smartphone,1,Corporate Sales,98400,98400,Tuesday
50,Electronics,CUST0106,Weekday,Dhaka,Female,2023,Qtr 2,June,26,ORD-00510,Smartphone,3,Corporate Sales,295200,98400,Monday
50,Electronics,CUST0106,Weekend,Dhaka,Female,2024,Qtr 2,May,11,ORD-01731,Monitor,5,Retail Store,184500,36900,Saturday
67,Electronics,CUST0107,Weekday,Khulna,Male,2023,Qtr 2,June,11,ORD-00664,Laptop,4,Online,738000,184500,Sunday
67,Electronics,CUST0107,Weekday,Khulna,Male,2024,Qtr 4,October,17,ORD-01717,Laptop,2,Marketplace,369000,184500,Thursday
57,Electronics,CUST0109,Weekday,Dhaka,Male,2024,Qtr 2,June,25,ORD-01646,Smartphone,3,Online,295200,98400,Tuesday
57,Electronics,CUST0109,Weekday,Dhaka,Male,2024,Qtr 3,September,4,ORD-01568,Laptop,3,Retail Store,553500,184500,Wednesday
57,Electronics,CUST0109,Weekday,Dhaka,Male,2024,Qtr 4,November,4,ORD-01218,Monitor,1,Online,36900,36900,Monday
57,Electronics,CUST0109,Weekend,Dhaka,Male,2023,Qtr 2,April,28,ORD-00608,Laptop,4,Marketplace,738000,184500,Friday
19,Electronics,CUST0111,Weekday,Dhaka,Female,2023,Qtr 2,May,16,ORD-00615,Monitor,3,Online,110700,36900,Tuesday
33,Electronics,CUST0112,Weekday,Chattogram,Male,2023,Qtr 1,January,17,ORD-00776,Laptop,2,Online,369000,184500,Tuesday
33,Electronics,CUST0112,Weekday,Chattogram,Male,2023,Qtr 2,April,12,ORD-00062,Monitor,4,Marketplace,147600,36900,Wednesday
33,Electronics,CUST0112,Weekday,Chattogram,Male,2023,Qtr 2,June,15,ORD-00802,Smartphone,5,Retail Store,492000,98400,Thursday
33,Electronics,CUST0112,Weekday,Chattogram,Male,2024,Qtr 2,June,9,ORD-01221,Laptop,2,Corporate Sales,369000,184500,Sunday
33,Electronics,CUST0112,Weekend,Chattogram,Male,2023,Qtr 4,December,8,ORD-00846,Smartphone,2,Corporate Sales,196800,98400,Friday
33,Electronics,CUST0112,Weekend,Chattogram,Male,2024,Qtr 1,March,8,ORD-01250,Monitor,4,Online,147600,36900,Friday
38,Electronics,CUST0113,Weekday,Sylhet,TIE - Review,2023,Qtr 1,February,26,ORD-00950,Monitor,5,Corporate Sales,184500,36900,Sunday
38,Electronics,CUST0113,Weekday,Sylhet,TIE - Review,2023,Qtr 3,September,14,ORD-00102,Smartphone,2,Online,196800,98400,Thursday
38,Electronics,CUST0113,Weekend,Sylhet,TIE - Review,2023,Qtr 1,February,3,ORD-00699,Laptop,3,Online,553500,184500,Friday
60,Electronics,CUST0114,Weekend,Dhaka,Male,2023,Qtr 3,July,21,ORD-00179,Monitor,3,Retail Store,110700,36900,Friday
60,Electronics,CUST0114,Weekend,Dhaka,Male,2023,Qtr 3,August,12,ORD-00831,Smartphone,3,Corporate Sales,295200,98400,Saturday
20,Electronics,CUST0116,Weekday,Mymensingh,Male,2023,Qtr 3,September,24,ORD-00760,Monitor,2,Retail Store,73800,36900,Sunday
20,Electronics,CUST0116,Weekday,Mymensingh,Male,2024,Qtr 4,December,16,ORD-00653,Smartphone,5,Corporate Sales,492000,98400,Monday
20,Electronics,CUST0116,Weekend,Mymensingh,Male,2023,Qtr 3,August,12,ORD-00873,Monitor,2,Corporate Sales,73800,36900,Saturday
22,Electronics,CUST0117,Weekday,Dhaka,TIE - Review,2024,Qtr 1,March,27,ORD-01715,Laptop,5,Marketplace,922500,184500,Wednesday
23,Electronics,CUST0118,Weekday,Rajshahi,Male,2023,Qtr 1,March,28,ORD-00905,Monitor,4,Online,147600,36900,Tuesday
23,Electronics,CUST0118,Weekday,Rajshahi,Male,2023,Qtr 4,October,19,ORD-00437,Smartphone,2,Retail Store,196800,98400,Thursday
23,Electronics,CUST0118,Weekday,Rajshahi,Male,2024,Qtr 3,September,18,ORD-01830,Smartphone,3,Corporate Sales,295200,98400,Wednesday
35,Electronics,CUST0120,Weekday,Chattogram,TIE - Review,2024,Qtr 3,September,2,ORD-01913,Laptop,5,Online,922500,184500,Monday
68,Electronics,CUST0122,Weekday,Dhaka,Male,2023,Qtr 3,August,27,ORD-00655,Laptop,1,Corporate Sales,184500,184500,Sunday
68,Electronics,CUST0122,Weekday,Dhaka,Male,2024,Qtr 4,December,23,ORD-01477,Laptop,5,Marketplace,922500,184500,Monday
68,Electronics,CUST0122,Weekend,Dhaka,Male,2023,Qtr 4,October,27,ORD-00782,Laptop,2,Corporate Sales,369000,184500,Friday
68,Electronics,CUST0122,Weekend,Dhaka,Male,2023,Qtr 4,December,16,ORD-00705,Monitor,3,Retail Store,110700,36900,Saturday
52,Electronics,CUST0123,Weekday,Chattogram,Male,2023,Qtr 4,November,22,ORD-00395,Laptop,5,Online,922500,184500,Wednesday
53,Electronics,CUST0124,Weekday,Rangpur,Female,2023,Qtr 1,March,16,ORD-00616,Smartphone,1,Online,98400,98400,Thursday
53,Electronics,CUST0124,Weekday,Rangpur,Female,2023,Qtr 2,May,17,ORD-00250,Monitor,2,Online,73800,36900,Wednesday
53,Electronics,CUST0124,Weekday,Rangpur,Female,2023,Qtr 3,August,16,ORD-00426,Monitor,1,Marketplace,36900,36900,Wednesday
53,Electronics,CUST0124,Weekday,Rangpur,Female,2023,Qtr 3,September,5,ORD-00033,Monitor,2,Corporate Sales,73800,36900,Tuesday
53,Electronics,CUST0124,Weekday,Rangpur,Female,2024,Qtr 4,December,23,ORD-01397,Smartphone,4,Marketplace,393600,98400,Monday
53,Electronics,CUST0124,Weekend,Rangpur,Female,2023,Qtr 2,June,17,ORD-00331,Smartphone,4,Retail Store,393600,98400,Saturday
53,Electronics,CUST0124,Weekend,Rangpur,Female,2024,Qtr 3,August,16,ORD-01574,Smartphone,2,Retail Store,196800,98400,Friday
46,Electronics,CUST0125,Weekday,Dhaka,TIE - Review,2023,Qtr 1,January,26,ORD-00055,Smartphone,5,Marketplace,492000,98400,Thursday
46,Electronics,CUST0125,Weekday,Dhaka,TIE - Review,2023,Qtr 2,May,1,ORD-00174,Smartphone,5,Corporate Sales,492000,98400,Monday
46,Electronics,CUST0125,Weekday,Dhaka,TIE - Review,2024,Qtr 3,September,22,ORD-01816,Monitor,5,Online,184500,36900,Sunday
46,Electronics,CUST0125,Weekend,Dhaka,TIE - Review,2024,Qtr 4,November,15,ORD-01507,Smartphone,2,Retail Store,196800,98400,Friday
66,Electronics,CUST0126,Weekday,Khulna,Male,2023,Qtr 3,September,26,ORD-00490,Smartphone,1,Marketplace,98400,98400,Tuesday
66,Electronics,CUST0126,Weekday,Khulna,Male,2024,Qtr 2,May,26,ORD-01299,Smartphone,3,Marketplace,295200,98400,Sunday
66,Electronics,CUST0126,Weekday,Khulna,Male,2024,Qtr 3,September,1,ORD-01022,Smartphone,5,Online,492000,98400,Sunday
66,Electronics,CUST0126,Weekday,Khulna,Male,2024,Qtr 4,October,30,ORD-01076,Smartphone,1,Corporate Sales,98400,98400,Wednesday
66,Electronics,CUST0126,Weekend,Khulna,Male,2024,Qtr 2,April,19,ORD-01295,Monitor,3,Corporate Sales,110700,36900,Friday
62,Electronics,CUST0127,Weekday,Barishal,Male,2023,Qtr 3,July,10,ORD-00242,Smartphone,4,Online,393600,98400,Monday
62,Electronics,CUST0127,Weekday,Barishal,Male,2024,Qtr 2,April,15,ORD-01305,Monitor,2,Online,73800,36900,Monday
62,Electronics,CUST0127,Weekend,Barishal,Male,2024,Qtr 3,August,3,ORD-01863,Monitor,4,Retail Store,147600,36900,Saturday
52,Electronics,CUST0128,Weekday,Chattogram,Female,2023,Qtr 1,February,28,ORD-00694,Monitor,3,Retail Store,110700,36900,Tuesday
52,Electronics,CUST0128,Weekday,Chattogram,Female,2023,Qtr 3,August,20,ORD-00716,Smartphone,4,Marketplace,393600,98400,Sunday
52,Electronics,CUST0128,Weekday,Chattogram,Female,2023,Qtr 4,October,25,ORD-00243,Monitor,3,Marketplace,110700,36900,Wednesday
52,Electronics,CUST0128,Weekday,Chattogram,Female,2024,Qtr 1,January,9,ORD-01938,Smartphone,3,Corporate Sales,295200,98400,Tuesday
52,Electronics,CUST0128,Weekday,Chattogram,Female,2024,Qtr 1,March,6,ORD-01441,Monitor,1,Marketplace,36900,36900,Wednesday
52,Electronics,CUST0128,Weekday,Chattogram,Female,2024,Qtr 2,May,29,ORD-01136,Laptop,1,Retail Store,184500,184500,Wednesday
52,Electronics,CUST0128,Weekend,Chattogram,Female,2023,Qtr 3,July,21,ORD-00278,Monitor,1,Marketplace,36900,36900,Friday
66,Electronics,CUST0129,Weekday,Rajshahi,Male,2023,Qtr 1,March,20,ORD-00625,Laptop,4,Marketplace,738000,184500,Monday
66,Electronics,CUST0129,Weekday,Rajshahi,Male,2023,Qtr 4,November,14,ORD-00949,Smartphone,5,Corporate Sales,492000,98400,Tuesday
66,Electronics,CUST0129,Weekday,Rajshahi,Male,2024,Qtr 1,February,22,ORD-01342,Laptop,2,Marketplace,369000,184500,Thursday
66,Electronics,CUST0129,Weekday,Rajshahi,Male,2024,Qtr 2,June,13,ORD-01187,Smartphone,2,Retail Store,196800,98400,Thursday
66,Electronics,CUST0129,Weekday,Rajshahi,Male,2024,Qtr 2,June,20,ORD-01146,Laptop,4,Marketplace,738000,184500,Thursday
66,Electronics,CUST0129,Weekend,Rajshahi,Male,2023,Qtr 3,July,28,ORD-00369,Smartphone,3,Online,295200,98400,Friday
68,Electronics,CUST0130,Weekday,Dhaka,Male,2023,Qtr 1,February,9,ORD-00443,Monitor,3,Retail Store,110700,36900,Thursday
68,Electronics,CUST0130,Weekday,Dhaka,Male,2024,Qtr 3,July,2,ORD-01067,Monitor,2,Retail Store,73800,36900,Tuesday
68,Electronics,CUST0130,Weekend,Dhaka,Male,2023,Qtr 4,December,23,ORD-00047,Monitor,2,Corporate Sales,73800,36900,Saturday
68,Electronics,CUST0130,Weekend,Dhaka,Male,2024,Qtr 3,July,12,ORD-01652,Laptop,2,Online,369000,184500,Friday
67,Electronics,CUST0131,Weekday,Chattogram,Female,2023,Qtr 2,May,3,ORD-00178,Monitor,1,Corporate Sales,36900,36900,Wednesday
67,Electronics,CUST0131,Weekday,Chattogram,Female,2023,Qtr 3,August,10,ORD-00380,Laptop,2,Corporate Sales,369000,184500,Thursday
67,Electronics,CUST0131,Weekday,Chattogram,Female,2023,Qtr 3,September,18,ORD-00238,Smartphone,4,Marketplace,393600,98400,Monday
67,Electronics,CUST0131,Weekday,Chattogram,Female,2024,Qtr 1,February,20,ORD-01713,Monitor,3,Online,110700,36900,Tuesday
67,Electronics,CUST0131,Weekday,Chattogram,Female,2024,Qtr 3,August,7,ORD-01469,Smartphone,3,Marketplace,295200,98400,Wednesday
67,Electronics,CUST0131,Weekend,Chattogram,Female,2023,Qtr 3,August,26,ORD-00962,Laptop,4,Retail Store,738000,184500,Saturday
67,Electronics,CUST0131,Weekend,Chattogram,Female,2023,Qtr 3,September,1,ORD-00049,Laptop,4,Corporate Sales,738000,184500,Friday
67,Electronics,CUST0131,Weekend,Chattogram,Female,2023,Qtr 4,November,17,ORD-00961,Smartphone,3,Online,295200,98400,Friday
47,Electronics,CUST0133,Weekday,Dhaka,Male,2023,Qtr 3,July,25,ORD-00704,Laptop,3,Retail Store,553500,184500,Tuesday
47,Electronics,CUST0133,Weekday,Dhaka,Male,2023,Qtr 3,July,31,ORD-00976,Smartphone,4,Retail Store,393600,98400,Monday
47,Electronics,CUST0133,Weekend,Dhaka,Male,2023,Qtr 2,April,1,ORD-00990,Laptop,1,Corporate Sales,184500,184500,Saturday
47,Electronics,CUST0133,Weekend,Dhaka,Male,2023,Qtr 4,October,28,ORD-00077,Smartphone,1,Marketplace,98400,98400,Saturday
47,Electronics,CUST0133,Weekend,Dhaka,Male,2024,Qtr 4,December,7,ORD-01316,Laptop,3,Marketplace,553500,184500,Saturday
58,Electronics,CUST0134,Weekday,Khulna,Male,2023,Qtr 2,May,16,ORD-00284,Monitor,5,Marketplace,184500,36900,Tuesday
58,Electronics,CUST0134,Weekday,Khulna,Male,2024,Qtr 1,March,6,ORD-01141,Laptop,4,Online,738000,184500,Wednesday
58,Electronics,CUST0134,Weekday,Khulna,Male,2024,Qtr 2,April,16,ORD-01230,Laptop,5,Marketplace,922500,184500,Tuesday
58,Electronics,CUST0134,Weekend,Khulna,Male,2023,Qtr 3,August,5,ORD-00209,Monitor,5,Marketplace,184500,36900,Saturday
58,Electronics,CUST0134,Weekend,Khulna,Male,2024,Qtr 1,March,9,ORD-01302,Smartphone,2,Retail Store,196800,98400,Saturday
41,Electronics,CUST0135,Weekday,Barishal,Male,2024,Qtr 2,April,22,ORD-01579,Smartphone,5,Corporate Sales,492000,98400,Monday
41,Electronics,CUST0135,Weekday,Barishal,Male,2024,Qtr 3,August,27,ORD-01946,Laptop,3,Marketplace,553500,184500,Tuesday
41,Electronics,CUST0135,Weekday,Barishal,Male,2024,Qtr 4,November,25,ORD-01943,Laptop,2,Retail Store,369000,184500,Monday
36,Electronics,CUST0136,Weekday,Dhaka,Female,2024,Qtr 2,April,30,ORD-01902,Monitor,3,Retail Store,110700,36900,Tuesday
36,Electronics,CUST0136,Weekend,Dhaka,Female,2024,Qtr 1,March,1,ORD-01035,Monitor,2,Retail Store,73800,36900,Friday
19,Electronics,CUST0137,Weekday,Rajshahi,Female,2023,Qtr 3,August,1,ORD-00211,Smartphone,3,Marketplace,295200,98400,Tuesday
19,Electronics,CUST0137,Weekday,Rajshahi,Female,2023,Qtr 4,November,8,ORD-00158,Monitor,5,Corporate Sales,184500,36900,Wednesday
19,Electronics,CUST0137,Weekday,Rajshahi,Female,2024,Qtr 4,October,6,ORD-01636,Laptop,5,Marketplace,922500,184500,Sunday
19,Electronics,CUST0137,Weekend,Rajshahi,Female,2023,Qtr 2,May,20,ORD-00121,Smartphone,3,Marketplace,295200,98400,Saturday
19,Electronics,CUST0137,Weekend,Rajshahi,Female,2023,Qtr 4,December,2,ORD-00942,Monitor,3,Corporate Sales,110700,36900,Saturday
19,Electronics,CUST0137,Weekend,Rajshahi,Female,2023,Qtr 4,December,8,ORD-00412,Monitor,5,Retail Store,184500,36900,Friday
19,Electronics,CUST0137,Weekend,Rajshahi,Female,2024,Qtr 1,March,9,ORD-01804,Monitor,4,Online,147600,36900,Saturday
46,Electronics,CUST0138,Weekday,Dhaka,TIE - Review,2023,Qtr 2,June,29,ORD-00374,Laptop,4,Online,738000,184500,Thursday
46,Electronics,CUST0138,Weekday,Dhaka,TIE - Review,2024,Qtr 3,September,26,ORD-01038,Smartphone,2,Retail Store,196800,98400,Thursday
46,Electronics,CUST0138,Weekend,Dhaka,TIE - Review,2023,Qtr 1,March,17,ORD-00260,Smartphone,4,Online,393600,98400,Friday
46,Electronics,CUST0138,Weekend,Dhaka,TIE - Review,2023,Qtr 4,December,8,ORD-00751,Laptop,2,Corporate Sales,369000,184500,Friday
57,Electronics,CUST0139,Weekday,Chattogram,Male,2023,Qtr 1,January,2,ORD-00403,Smartphone,2,Online,196800,98400,Monday
57,Electronics,CUST0139,Weekday,Chattogram,Male,2023,Qtr 3,July,30,ORD-00688,Laptop,5,Retail Store,922500,184500,Sunday
57,Electronics,CUST0139,Weekday,Chattogram,Male,2023,Qtr 3,September,26,ORD-00630,Monitor,1,Marketplace,36900,36900,Tuesday
57,Electronics,CUST0139,Weekday,Chattogram,Male,2023,Qtr 4,December,31,ORD-00681,Smartphone,3,Marketplace,295200,98400,Sunday
57,Electronics,CUST0139,Weekday,Chattogram,Male,2024,Qtr 3,September,19,ORD-01939,Laptop,4,Marketplace,738000,184500,Thursday
57,Electronics,CUST0139,Weekend,Chattogram,Male,2023,Qtr 2,May,13,ORD-00017,Laptop,4,Retail Store,738000,184500,Saturday
57,Electronics,CUST0139,Weekend,Chattogram,Male,2024,Qtr 1,January,19,ORD-01666,Smartphone,5,Marketplace,492000,98400,Friday
57,Electronics,CUST0139,Weekend,Chattogram,Male,2024,Qtr 3,September,14,ORD-01880,Smartphone,3,Online,295200,98400,Saturday
50,Electronics,CUST0140,Weekday,Sylhet,Male,2023,Qtr 2,May,25,ORD-00306,Smartphone,1,Marketplace,98400,98400,Thursday
50,Electronics,CUST0140,Weekday,Sylhet,Male,2024,Qtr 2,April,16,ORD-01212,Monitor,1,Online,36900,36900,Tuesday
50,Electronics,CUST0140,Weekday,Sylhet,Male,2024,Qtr 4,October,13,ORD-01674,Monitor,2,Online,73800,36900,Sunday
58,Electronics,CUST0141,Weekday,Dhaka,TIE - Review,2024,Qtr 1,February,18,ORD-01585,Laptop,3,Online,553500,184500,Sunday
58,Electronics,CUST0141,Weekday,Dhaka,TIE - Review,2024,Qtr 3,September,5,ORD-01260,Smartphone,2,Marketplace,196800,98400,Thursday
58,Electronics,CUST0141,Weekend,Dhaka,TIE - Review,2023,Qtr 1,March,3,ORD-00472,Monitor,4,Corporate Sales,147600,36900,Friday
32,Electronics,CUST0142,Weekday,Chattogram,Male,2023,Qtr 2,April,24,ORD-00553,Monitor,1,Retail Store,36900,36900,Monday
32,Electronics,CUST0142,Weekday,Chattogram,Male,2023,Qtr 4,December,26,ORD-00898,Laptop,1,Marketplace,184500,184500,Tuesday
32,Electronics,CUST0142,Weekend,Chattogram,Male,2023,Qtr 2,April,14,ORD-00183,Monitor,1,Online,36900,36900,Friday
32,Electronics,CUST0142,Weekend,Chattogram,Male,2023,Qtr 2,April,28,ORD-00307,Smartphone,1,Corporate Sales,98400,98400,Friday
32,Electronics,CUST0142,Weekend,Chattogram,Male,2023,Qtr 3,August,11,ORD-00638,Laptop,1,Retail Store,184500,184500,Friday
36,Electronics,CUST0143,Weekday,Mymensingh,Female,2024,Qtr 2,April,30,ORD-01933,Smartphone,2,Marketplace,196800,98400,Tuesday
54,Electronics,CUST0144,Weekday,Dhaka,Female,2023,Qtr 3,July,12,ORD-00473,Smartphone,5,Online,492000,98400,Wednesday
54,Electronics,CUST0144,Weekday,Dhaka,Female,2023,Qtr 3,August,7,ORD-00340,Smartphone,4,Corporate Sales,393600,98400,Monday
54,Electronics,CUST0144,Weekend,Dhaka,Female,2023,Qtr 2,April,14,ORD-00626,Laptop,4,Marketplace,738000,184500,Friday
54,Electronics,CUST0144,Weekend,Dhaka,Female,2023,Qtr 4,December,1,ORD-00283,Smartphone,5,Marketplace,492000,98400,Friday
51,Electronics,CUST0145,Weekday,Rajshahi,Male,2023,Qtr 4,October,10,ORD-00559,Laptop,1,Retail Store,184500,184500,Tuesday
47,Electronics,CUST0146,Weekday,Dhaka,TIE - Review,2023,Qtr 3,September,11,ORD-00169,Laptop,3,Marketplace,553500,184500,Monday
47,Electronics,CUST0146,Weekend,Dhaka,TIE - Review,2023,Qtr 1,January,13,ORD-00131,Smartphone,1,Corporate Sales,98400,98400,Friday
64,Electronics,CUST0147,Weekday,Chattogram,Male,2024,Qtr 4,November,17,ORD-01329,Monitor,3,Marketplace,110700,36900,Sunday
67,Electronics,CUST0148,Weekday,Sylhet,Male,2023,Qtr 4,November,9,ORD-00885,Monitor,3,Corporate Sales,110700,36900,Thursday
67,Electronics,CUST0148,Weekday,Sylhet,Male,2024,Qtr 2,June,17,ORD-01821,Smartphone,1,Retail Store,98400,98400,Monday
67,Electronics,CUST0148,Weekend,Sylhet,Male,2024,Qtr 4,December,7,ORD-01622,Smartphone,5,Online,492000,98400,Saturday
40,Electronics,CUST0149,Weekday,Dhaka,Male,2023,Qtr 3,July,30,ORD-00981,Monitor,4,Retail Store,147600,36900,Sunday
40,Electronics,CUST0149,Weekday,Dhaka,Male,2024,Qtr 3,September,2,ORD-01488,Laptop,2,Corporate Sales,369000,184500,Monday
40,Electronics,CUST0149,Weekend,Dhaka,Male,2023,Qtr 2,May,20,ORD-00512,Laptop,1,Marketplace,184500,184500,Saturday
63,Electronics,CUST0150,Weekday,Chattogram,TIE - Review,2023,Qtr 3,August,23,ORD-00351,Monitor,3,Marketplace,110700,36900,Wednesday
63,Electronics,CUST0150,Weekday,Chattogram,TIE - Review,2024,Qtr 1,March,26,ORD-01040,Monitor,1,Corporate Sales,36900,36900,Tuesday
63,Electronics,CUST0150,Weekday,Chattogram,TIE - Review,2024,Qtr 3,August,7,ORD-01155,Smartphone,3,Retail Store,295200,98400,Wednesday
63,Electronics,CUST0150,Weekend,Chattogram,TIE - Review,2023,Qtr 2,May,6,ORD-00107,Laptop,3,Online,553500,184500,Saturday
69,Electronics,CUST0152,Weekday,Dhaka,Male,2023,Qtr 4,November,14,ORD-00646,Monitor,5,Retail Store,184500,36900,Tuesday
69,Electronics,CUST0152,Weekday,Dhaka,Male,2024,Qtr 3,September,22,ORD-01058,Monitor,5,Corporate Sales,184500,36900,Sunday
69,Electronics,CUST0152,Weekend,Dhaka,Male,2023,Qtr 1,March,25,ORD-00274,Smartphone,3,Corporate Sales,295200,98400,Saturday
40,Electronics,CUST0153,Weekday,Khulna,Female,2023,Qtr 2,June,21,ORD-00104,Monitor,1,Retail Store,36900,36900,Wednesday
40,Electronics,CUST0153,Weekend,Khulna,Female,2024,Qtr 1,February,3,ORD-01395,Smartphone,4,Online,393600,98400,Saturday
31,Electronics,CUST0154,Weekday,Barishal,TIE - Review,2023,Qtr 4,December,7,ORD-00029,Smartphone,1,Retail Store,98400,98400,Thursday
31,Electronics,CUST0154,Weekend,Barishal,TIE - Review,2023,Qtr 3,August,19,ORD-00845,Monitor,2,Corporate Sales,73800,36900,Saturday
41,Electronics,CUST0155,Weekday,Chattogram,TIE - Review,2023,Qtr 1,February,2,ORD-00134,Laptop,2,Marketplace,369000,184500,Thursday
41,Electronics,CUST0155,Weekday,Chattogram,TIE - Review,2023,Qtr 4,October,11,ORD-00693,Monitor,1,Marketplace,36900,36900,Wednesday
41,Electronics,CUST0155,Weekday,Chattogram,TIE - Review,2024,Qtr 1,March,7,ORD-01518,Smartphone,2,Online,196800,98400,Thursday
41,Electronics,CUST0155,Weekday,Chattogram,TIE - Review,2024,Qtr 4,November,18,ORD-01638,Smartphone,4,Retail Store,393600,98400,Monday
57,Electronics,CUST0156,Weekday,Rajshahi,TIE - Review,2023,Qtr 1,February,5,ORD-00474,Monitor,1,Corporate Sales,36900,36900,Sunday
57,Electronics,CUST0156,Weekday,Rajshahi,TIE - Review,2023,Qtr 2,May,18,ORD-00871,Laptop,5,Marketplace,922500,184500,Thursday
57,Electronics,CUST0156,Weekday,Rajshahi,TIE - Review,2024,Qtr 3,July,24,ORD-01012,Monitor,5,Corporate Sales,184500,36900,Wednesday
57,Electronics,CUST0156,Weekend,Rajshahi,TIE - Review,2023,Qtr 4,December,29,ORD-00190,Smartphone,4,Corporate Sales,393600,98400,Friday
48,Electronics,CUST0157,Weekday,Dhaka,Female,2024,Qtr 2,June,10,ORD-01317,Laptop,2,Corporate Sales,369000,184500,Monday
48,Electronics,CUST0157,Weekday,Dhaka,Female,2024,Qtr 3,September,8,ORD-01473,Smartphone,5,Online,492000,98400,Sunday
48,Electronics,CUST0157,Weekend,Dhaka,Female,2024,Qtr 1,March,9,ORD-01205,Laptop,5,Retail Store,922500,184500,Saturday
51,Electronics,CUST0158,Weekday,Chattogram,Female,2023,Qtr 3,September,13,ORD-00433,Monitor,4,Marketplace,147600,36900,Wednesday
51,Electronics,CUST0158,Weekday,Chattogram,Female,2023,Qtr 4,October,3,ORD-00248,Smartphone,1,Marketplace,98400,98400,Tuesday
51,Electronics,CUST0158,Weekday,Chattogram,Female,2024,Qtr 4,December,30,ORD-01118,Smartphone,2,Marketplace,196800,98400,Monday
51,Electronics,CUST0158,Weekend,Chattogram,Female,2024,Qtr 2,April,13,ORD-01097,Monitor,3,Marketplace,110700,36900,Saturday
51,Electronics,CUST0158,Weekend,Chattogram,Female,2024,Qtr 2,May,17,ORD-01219,Laptop,4,Marketplace,738000,184500,Friday
18,Electronics,CUST0159,Weekday,Rangpur,Male,2023,Qtr 1,March,22,ORD-00867,Laptop,3,Retail Store,553500,184500,Wednesday
18,Electronics,CUST0159,Weekend,Rangpur,Male,2023,Qtr 1,January,21,ORD-00737,Laptop,1,Corporate Sales,184500,184500,Saturday
69,Electronics,CUST0160,Weekday,Dhaka,Male,2023,Qtr 2,April,25,ORD-00647,Smartphone,3,Marketplace,295200,98400,Tuesday
69,Electronics,CUST0160,Weekday,Dhaka,Male,2023,Qtr 3,September,19,ORD-00837,Laptop,1,Corporate Sales,184500,184500,Tuesday
69,Electronics,CUST0160,Weekday,Dhaka,Male,2023,Qtr 4,October,30,ORD-00454,Laptop,2,Marketplace,369000,184500,Monday
69,Electronics,CUST0160,Weekday,Dhaka,Male,2023,Qtr 4,November,15,ORD-00596,Laptop,4,Retail Store,738000,184500,Wednesday
69,Electronics,CUST0160,Weekend,Dhaka,Male,2023,Qtr 3,July,29,ORD-00573,Monitor,2,Marketplace,73800,36900,Saturday
62,Electronics,CUST0161,Weekday,Khulna,Male,2024,Qtr 1,January,7,ORD-01545,Monitor,3,Online,110700,36900,Sunday
62,Electronics,CUST0161,Weekday,Khulna,Male,2024,Qtr 2,April,4,ORD-01650,Monitor,5,Online,184500,36900,Thursday
62,Electronics,CUST0161,Weekend,Khulna,Male,2024,Qtr 2,May,3,ORD-01510,Smartphone,1,Marketplace,98400,98400,Friday
62,Electronics,CUST0161,Weekend,Khulna,Male,2024,Qtr 3,August,30,ORD-01281,Monitor,5,Corporate Sales,184500,36900,Friday
69,Electronics,CUST0162,Weekday,Mymensingh,Male,2023,Qtr 3,July,6,ORD-00768,Laptop,3,Marketplace,553500,184500,Thursday
69,Electronics,CUST0162,Weekday,Mymensingh,Male,2024,Qtr 1,January,17,ORD-01678,Laptop,5,Online,922500,184500,Wednesday
22,Electronics,CUST0163,Weekend,Dhaka,Female,2024,Qtr 3,July,27,ORD-01641,Smartphone,3,Corporate Sales,295200,98400,Saturday
22,Electronics,CUST0163,Weekend,Dhaka,Female,2024,Qtr 3,September,7,ORD-01285,Monitor,1,Corporate Sales,36900,36900,Saturday
50,Electronics,CUST0164,Weekday,Rajshahi,Male,2023,Qtr 1,March,16,ORD-00423,Monitor,3,Online,110700,36900,Thursday
50,Electronics,CUST0164,Weekday,Rajshahi,Male,2024,Qtr 2,April,21,ORD-01145,Monitor,2,Corporate Sales,73800,36900,Sunday
50,Electronics,CUST0164,Weekend,Rajshahi,Male,2024,Qtr 4,November,8,ORD-01107,Monitor,4,Marketplace,147600,36900,Friday
49,Electronics,CUST0165,Weekday,Dhaka,TIE - Review,2024,Qtr 1,February,11,ORD-01658,Laptop,5,Online,922500,184500,Sunday
49,Electronics,CUST0165,Weekday,Dhaka,TIE - Review,2024,Qtr 3,August,1,ORD-00995,Smartphone,4,Marketplace,393600,98400,Thursday
29,Electronics,CUST0166,Weekday,Chattogram,Female,2024,Qtr 2,April,22,ORD-01592,Smartphone,5,Marketplace,492000,98400,Monday
67,Electronics,CUST0167,Weekday,Sylhet,TIE - Review,2024,Qtr 1,January,15,ORD-01174,Laptop,2,Marketplace,369000,184500,Monday
67,Electronics,CUST0167,Weekday,Sylhet,TIE - Review,2024,Qtr 4,December,12,ORD-01304,Monitor,1,Retail Store,36900,36900,Thursday
42,Electronics,CUST0168,Weekday,Dhaka,Female,2023,Qtr 1,March,27,ORD-00052,Monitor,4,Corporate Sales,147600,36900,Monday
42,Electronics,CUST0168,Weekday,Dhaka,Female,2023,Qtr 3,September,25,ORD-00153,Smartphone,2,Online,196800,98400,Monday
42,Electronics,CUST0168,Weekday,Dhaka,Female,2023,Qtr 4,November,16,ORD-00171,Monitor,1,Marketplace,36900,36900,Thursday
42,Electronics,CUST0168,Weekday,Dhaka,Female,2024,Qtr 2,April,9,ORD-01836,Monitor,4,Corporate Sales,147600,36900,Tuesday
42,Electronics,CUST0168,Weekday,Dhaka,Female,2024,Qtr 4,December,25,ORD-01765,Monitor,4,Marketplace,147600,36900,Wednesday
54,Electronics,CUST0169,Weekday,Chattogram,Female,2023,Qtr 3,August,28,ORD-00003,Monitor,1,Online,36900,36900,Monday
54,Electronics,CUST0169,Weekend,Chattogram,Female,2024,Qtr 4,October,18,ORD-01120,Monitor,1,Online,36900,36900,Friday
21,Electronics,CUST0171,Weekday,Dhaka,Male,2024,Qtr 1,January,28,ORD-01127,Smartphone,5,Online,492000,98400,Sunday
56,Electronics,CUST0172,Weekday,Khulna,Female,2023,Qtr 3,July,20,ORD-00567,Monitor,5,Online,184500,36900,Thursday
65,Electronics,CUST0173,Weekday,Dhaka,Male,2023,Qtr 1,January,19,ORD-00005,Laptop,3,Marketplace,553500,184500,Thursday
65,Electronics,CUST0173,Weekday,Dhaka,Male,2024,Qtr 1,March,11,ORD-01742,Monitor,2,Online,73800,36900,Monday
65,Electronics,CUST0173,Weekday,Dhaka,Male,2024,Qtr 3,July,8,ORD-01777,Smartphone,4,Online,393600,98400,Monday
65,Electronics,CUST0173,Weekday,Dhaka,Male,2024,Qtr 3,August,20,ORD-01632,Monitor,3,Online,110700,36900,Tuesday
65,Electronics,CUST0173,Weekday,Dhaka,Male,2024,Qtr 4,December,17,ORD-01557,Laptop,4,Retail Store,738000,184500,Tuesday
65,Electronics,CUST0173,Weekend,Dhaka,Male,2023,Qtr 4,December,22,ORD-00674,Laptop,3,Marketplace,553500,184500,Friday
65,Electronics,CUST0173,Weekend,Dhaka,Male,2024,Qtr 2,June,28,ORD-01421,Laptop,1,Corporate Sales,184500,184500,Friday
68,Electronics,CUST0174,Weekday,Chattogram,Female,2023,Qtr 2,May,7,ORD-00159,Laptop,1,Marketplace,184500,184500,Sunday
68,Electronics,CUST0174,Weekday,Chattogram,Female,2023,Qtr 2,May,8,ORD-00216,Smartphone,4,Marketplace,393600,98400,Monday
68,Electronics,CUST0174,Weekend,Chattogram,Female,2024,Qtr 3,July,27,ORD-01811,Laptop,1,Retail Store,184500,184500,Saturday
51,Electronics,CUST0176,Weekday,Dhaka,Male,2023,Qtr 4,November,16,ORD-00053,Laptop,2,Online,369000,184500,Thursday
51,Electronics,CUST0176,Weekend,Dhaka,Male,2023,Qtr 4,October,28,ORD-00154,Laptop,3,Marketplace,553500,184500,Saturday
51,Electronics,CUST0176,Weekend,Dhaka,Male,2023,Qtr 4,November,10,ORD-00371,Laptop,3,Retail Store,553500,184500,Friday
29,Electronics,CUST0177,Weekday,Chattogram,Female,2024,Qtr 2,April,15,ORD-01424,Smartphone,5,Corporate Sales,492000,98400,Monday
44,Electronics,CUST0178,Weekday,Rangpur,Male,2024,Qtr 3,July,3,ORD-01153,Smartphone,3,Online,295200,98400,Wednesday
44,Electronics,CUST0178,Weekend,Rangpur,Male,2023,Qtr 1,January,20,ORD-00387,Laptop,5,Marketplace,922500,184500,Friday
44,Electronics,CUST0178,Weekend,Rangpur,Male,2023,Qtr 2,June,3,ORD-00373,Smartphone,3,Marketplace,295200,98400,Saturday
44,Electronics,CUST0178,Weekend,Rangpur,Male,2024,Qtr 2,April,6,ORD-01916,Monitor,1,Marketplace,36900,36900,Saturday
45,Electronics,CUST0179,Weekday,Dhaka,Male,2023,Qtr 3,September,28,ORD-00539,Smartphone,4,Corporate Sales,393600,98400,Thursday
45,Electronics,CUST0179,Weekday,Dhaka,Male,2023,Qtr 4,November,13,ORD-00799,Monitor,4,Online,147600,36900,Monday
45,Electronics,CUST0179,Weekend,Dhaka,Male,2024,Qtr 4,October,26,ORD-01709,Smartphone,1,Retail Store,98400,98400,Saturday
45,Electronics,CUST0179,Weekend,Dhaka,Male,2024,Qtr 4,November,1,ORD-01073,Smartphone,3,Marketplace,295200,98400,Friday
68,Electronics,CUST0180,Weekday,Khulna,Male,2023,Qtr 4,October,5,ORD-00601,Laptop,2,Online,369000,184500,Thursday
68,Electronics,CUST0180,Weekday,Khulna,Male,2023,Qtr 4,October,18,ORD-00231,Monitor,3,Marketplace,110700,36900,Wednesday
68,Electronics,CUST0180,Weekday,Khulna,Male,2024,Qtr 2,April,1,ORD-01350,Smartphone,4,Retail Store,393600,98400,Monday
68,Electronics,CUST0180,Weekday,Khulna,Male,2024,Qtr 3,August,11,ORD-01541,Smartphone,2,Retail Store,196800,98400,Sunday
68,Electronics,CUST0180,Weekend,Khulna,Male,2024,Qtr 3,July,27,ORD-01294,Monitor,2,Corporate Sales,73800,36900,Saturday
59,Electronics,CUST0181,Weekday,Barishal,Male,2023,Qtr 4,October,23,ORD-00824,Monitor,4,Marketplace,147600,36900,Monday
19,Electronics,CUST0182,Weekday,Dhaka,Male,2023,Qtr 1,January,23,ORD-00479,Smartphone,4,Online,393600,98400,Monday
19,Electronics,CUST0182,Weekday,Dhaka,Male,2023,Qtr 4,October,24,ORD-00083,Monitor,5,Corporate Sales,184500,36900,Tuesday
19,Electronics,CUST0182,Weekday,Dhaka,Male,2024,Qtr 1,February,26,ORD-01857,Smartphone,3,Corporate Sales,295200,98400,Monday
19,Electronics,CUST0182,Weekday,Dhaka,Male,2024,Qtr 2,May,7,ORD-01494,Monitor,4,Marketplace,147600,36900,Tuesday
42,Electronics,CUST0183,Weekday,Rajshahi,Female,2023,Qtr 1,January,16,ORD-00577,Monitor,3,Corporate Sales,110700,36900,Monday
42,Electronics,CUST0183,Weekend,Rajshahi,Female,2023,Qtr 4,October,21,ORD-00195,Smartphone,3,Online,295200,98400,Saturday
42,Electronics,CUST0183,Weekend,Rajshahi,Female,2024,Qtr 3,September,6,ORD-01110,Smartphone,4,Retail Store,393600,98400,Friday
42,Electronics,CUST0183,Weekend,Rajshahi,Female,2024,Qtr 4,November,9,ORD-01525,Laptop,1,Online,184500,184500,Saturday
54,Electronics,CUST0184,Weekday,Dhaka,Female,2023,Qtr 3,August,30,ORD-00461,Smartphone,1,Corporate Sales,98400,98400,Wednesday
54,Electronics,CUST0184,Weekend,Dhaka,Female,2023,Qtr 3,July,8,ORD-00893,Smartphone,5,Online,492000,98400,Saturday
29,Electronics,CUST0185,Weekday,Chattogram,Female,2023,Qtr 3,September,6,ORD-00731,Monitor,5,Online,184500,36900,Wednesday
29,Electronics,CUST0185,Weekday,Chattogram,Female,2023,Qtr 4,October,30,ORD-00580,Laptop,5,Retail Store,922500,184500,Monday
29,Electronics,CUST0185,Weekday,Chattogram,Female,2024,Qtr 2,April,11,ORD-01584,Smartphone,2,Retail Store,196800,98400,Thursday
55,Electronics,CUST0186,Weekday,Sylhet,Female,2023,Qtr 3,July,17,ORD-00957,Smartphone,1,Retail Store,98400,98400,Monday
55,Electronics,CUST0186,Weekday,Sylhet,Female,2024,Qtr 1,February,18,ORD-01184,Monitor,4,Corporate Sales,147600,36900,Sunday
55,Electronics,CUST0186,Weekday,Sylhet,Female,2024,Qtr 2,April,3,ORD-01215,Laptop,3,Online,553500,184500,Wednesday
55,Electronics,CUST0186,Weekend,Sylhet,Female,2023,Qtr 4,October,20,ORD-00323,Laptop,1,Corporate Sales,184500,184500,Friday
55,Electronics,CUST0186,Weekend,Sylhet,Female,2024,Qtr 4,November,29,ORD-01206,Monitor,5,Online,184500,36900,Friday
25,Electronics,CUST0187,Weekend,Dhaka,TIE - Review,2023,Qtr 1,March,4,ORD-00592,Laptop,5,Retail Store,922500,184500,Saturday
29,Electronics,CUST0188,Weekday,Khulna,Male,2023,Qtr 3,July,26,ORD-00228,Monitor,4,Corporate Sales,147600,36900,Wednesday
29,Electronics,CUST0188,Weekday,Khulna,Male,2024,Qtr 1,January,14,ORD-01422,Monitor,2,Corporate Sales,73800,36900,Sunday
29,Electronics,CUST0188,Weekday,Khulna,Male,2024,Qtr 1,February,1,ORD-01774,Laptop,4,Online,738000,184500,Thursday
29,Electronics,CUST0188,Weekend,Khulna,Male,2023,Qtr 1,February,24,ORD-00218,Smartphone,5,Retail Store,492000,98400,Friday
38,Electronics,CUST0189,Weekday,Mymensingh,Female,2023,Qtr 2,April,6,ORD-00232,Laptop,3,Marketplace,553500,184500,Thursday
38,Electronics,CUST0189,Weekday,Mymensingh,Female,2023,Qtr 2,May,1,ORD-00222,Monitor,1,Marketplace,36900,36900,Monday
38,Electronics,CUST0189,Weekday,Mymensingh,Female,2024,Qtr 2,June,26,ORD-01531,Laptop,2,Marketplace,369000,184500,Wednesday
38,Electronics,CUST0189,Weekend,Mymensingh,Female,2024,Qtr 1,January,20,ORD-01264,Monitor,3,Retail Store,110700,36900,Saturday
38,Electronics,CUST0189,Weekend,Mymensingh,Female,2024,Qtr 3,September,14,ORD-01197,Monitor,4,Online,147600,36900,Saturday
28,Electronics,CUST0190,Weekday,Dhaka,Male,2024,Qtr 1,March,3,ORD-01655,Smartphone,5,Online,492000,98400,Sunday
28,Electronics,CUST0190,Weekday,Dhaka,Male,2024,Qtr 4,October,14,ORD-01479,Monitor,3,Retail Store,110700,36900,Monday
41,Electronics,CUST0191,Weekday,Rajshahi,Female,2023,Qtr 3,August,1,ORD-00755,Laptop,4,Corporate Sales,738000,184500,Tuesday
58,Electronics,CUST0192,Weekend,Dhaka,Male,2024,Qtr 2,April,6,ORD-01906,Laptop,5,Retail Store,922500,184500,Saturday
64,Electronics,CUST0193,Weekday,Chattogram,TIE - Review,2023,Qtr 1,February,19,ORD-00805,Laptop,4,Corporate Sales,738000,184500,Sunday
64,Electronics,CUST0193,Weekday,Chattogram,TIE - Review,2023,Qtr 4,October,15,ORD-00589,Monitor,3,Marketplace,110700,36900,Sunday
61,Electronics,CUST0194,Weekday,Sylhet,Female,2024,Qtr 2,May,5,ORD-01433,Smartphone,5,Marketplace,492000,98400,Sunday
61,Electronics,CUST0194,Weekday,Sylhet,Female,2024,Qtr 3,August,13,ORD-01314,Monitor,4,Retail Store,147600,36900,Tuesday
61,Electronics,CUST0194,Weekday,Sylhet,Female,2024,Qtr 3,September,17,ORD-01087,Smartphone,3,Online,295200,98400,Tuesday
48,Electronics,CUST0195,Weekend,Dhaka,Female,2024,Qtr 3,August,17,ORD-01413,Laptop,1,Corporate Sales,184500,184500,Saturday
37,Electronics,CUST0196,Weekday,Chattogram,Female,2023,Qtr 1,January,10,ORD-00404,Laptop,2,Retail Store,369000,184500,Tuesday
37,Electronics,CUST0196,Weekday,Chattogram,Female,2023,Qtr 4,November,6,ORD-00477,Laptop,1,Marketplace,184500,184500,Monday
37,Electronics,CUST0196,Weekday,Chattogram,Female,2024,Qtr 2,April,29,ORD-01028,Laptop,4,Retail Store,738000,184500,Monday
54,Electronics,CUST0197,Weekday,Rangpur,Male,2023,Qtr 3,July,12,ORD-00476,Laptop,4,Marketplace,738000,184500,Wednesday
54,Electronics,CUST0197,Weekday,Rangpur,Male,2024,Qtr 3,July,8,ORD-01253,Smartphone,1,Corporate Sales,98400,98400,Monday
54,Electronics,CUST0197,Weekend,Rangpur,Male,2023,Qtr 2,April,28,ORD-00622,Laptop,4,Retail Store,738000,184500,Friday
54,Electronics,CUST0197,Weekend,Rangpur,Male,2023,Qtr 3,September,2,ORD-00764,Smartphone,5,Corporate Sales,492000,98400,Saturday
56,Electronics,CUST0198,Weekday,Dhaka,Male,2023,Qtr 3,August,1,ORD-00629,Monitor,2,Retail Store,73800,36900,Tuesday
56,Electronics,CUST0198,Weekday,Dhaka,Male,2023,Qtr 4,December,13,ORD-00832,Smartphone,5,Marketplace,492000,98400,Wednesday
56,Electronics,CUST0198,Weekday,Dhaka,Male,2024,Qtr 2,June,13,ORD-01244,Laptop,4,Corporate Sales,738000,184500,Thursday
56,Electronics,CUST0198,Weekend,Dhaka,Male,2023,Qtr 2,May,20,ORD-00958,Laptop,2,Online,369000,184500,Saturday
56,Electronics,CUST0198,Weekend,Dhaka,Male,2023,Qtr 4,December,30,ORD-00390,Monitor,3,Corporate Sales,110700,36900,Saturday
41,Electronics,CUST0199,Weekday,Khulna,TIE - Review,2023,Qtr 1,January,18,ORD-00167,Smartphone,4,Retail Store,393600,98400,Wednesday
41,Electronics,CUST0199,Weekday,Khulna,TIE - Review,2023,Qtr 2,June,11,ORD-00614,Monitor,1,Corporate Sales,36900,36900,Sunday
41,Electronics,CUST0199,Weekend,Khulna,TIE - Review,2023,Qtr 3,September,22,ORD-00475,Smartphone,3,Retail Store,295200,98400,Friday
41,Electronics,CUST0199,Weekend,Khulna,TIE - Review,2024,Qtr 4,October,26,ORD-01336,Smartphone,3,Corporate Sales,295200,98400,Saturday
68,Electronics,CUST0200,Weekday,Dhaka,Female,2023,Qtr 1,January,11,ORD-00399,Laptop,5,Corporate Sales,922500,184500,Wednesday
68,Electronics,CUST0200,Weekday,Dhaka,Female,2023,Qtr 2,June,1,ORD-00587,Laptop,3,Marketplace,553500,184500,Thursday
68,Electronics,CUST0200,Weekday,Dhaka,Female,2023,Qtr 3,August,6,ORD-00850,Laptop,1,Online,184500,184500,Sunday
68,Electronics,CUST0200,Weekday,Dhaka,Female,2024,Qtr 2,May,5,ORD-01920,Smartphone,5,Retail Store,492000,98400,Sunday
68,Electronics,CUST0200,Weekend,Dhaka,Female,2023,Qtr 3,August,5,ORD-00987,Smartphone,4,Marketplace,393600,98400,Saturday
49,Electronics,CUST0201,Weekday,Chattogram,Female,2023,Qtr 2,May,30,ORD-00745,Smartphone,1,Retail Store,98400,98400,Tuesday
49,Electronics,CUST0201,Weekday,Chattogram,Female,2023,Qtr 3,September,21,ORD-00348,Monitor,2,Marketplace,73800,36900,Thursday
49,Electronics,CUST0201,Weekday,Chattogram,Female,2023,Qtr 4,December,25,ORD-00252,Laptop,3,Corporate Sales,553500,184500,Monday
49,Electronics,CUST0201,Weekend,Chattogram,Female,2024,Qtr 4,October,18,ORD-01588,Monitor,4,Corporate Sales,147600,36900,Friday
56,Electronics,CUST0202,Weekday,Rajshahi,Male,2024,Qtr 1,February,13,ORD-01633,Monitor,3,Retail Store,110700,36900,Tuesday
56,Electronics,CUST0202,Weekday,Rajshahi,Male,2024,Qtr 3,September,22,ORD-01726,Smartphone,3,Corporate Sales,295200,98400,Sunday
56,Electronics,CUST0202,Weekend,Rajshahi,Male,2023,Qtr 2,May,6,ORD-00606,Smartphone,5,Online,492000,98400,Saturday
33,Electronics,CUST0203,Weekday,Dhaka,Female,2023,Qtr 2,June,26,ORD-00110,Laptop,3,Online,553500,184500,Monday
33,Electronics,CUST0203,Weekday,Dhaka,Female,2024,Qtr 2,May,7,ORD-01542,Laptop,1,Corporate Sales,184500,184500,Tuesday
33,Electronics,CUST0203,Weekday,Dhaka,Female,2024,Qtr 4,December,30,ORD-01217,Monitor,4,Corporate Sales,147600,36900,Monday
33,Electronics,CUST0203,Weekend,Dhaka,Female,2023,Qtr 3,September,23,ORD-00923,Laptop,5,Online,922500,184500,Saturday
33,Electronics,CUST0203,Weekend,Dhaka,Female,2024,Qtr 4,October,19,ORD-01459,Smartphone,3,Marketplace,295200,98400,Saturday
54,Electronics,CUST0204,Weekday,Chattogram,Male,2023,Qtr 1,February,20,ORD-00659,Laptop,4,Corporate Sales,738000,184500,Monday
54,Electronics,CUST0204,Weekday,Chattogram,Male,2023,Qtr 1,March,16,ORD-00206,Smartphone,2,Online,196800,98400,Thursday
54,Electronics,CUST0204,Weekday,Chattogram,Male,2023,Qtr 2,April,18,ORD-00556,Laptop,5,Marketplace,922500,184500,Tuesday
54,Electronics,CUST0204,Weekday,Chattogram,Male,2023,Qtr 2,May,11,ORD-00258,Laptop,2,Corporate Sales,369000,184500,Thursday
54,Electronics,CUST0204,Weekday,Chattogram,Male,2023,Qtr 3,July,23,ORD-00302,Smartphone,1,Marketplace,98400,98400,Sunday
54,Electronics,CUST0204,Weekday,Chattogram,Male,2023,Qtr 3,August,28,ORD-00292,Laptop,5,Retail Store,922500,184500,Monday
54,Electronics,CUST0204,Weekend,Chattogram,Male,2023,Qtr 2,April,29,ORD-00356,Monitor,4,Retail Store,147600,36900,Saturday
54,Electronics,CUST0204,Weekend,Chattogram,Male,2024,Qtr 1,March,1,ORD-01483,Smartphone,5,Retail Store,492000,98400,Friday
43,Electronics,CUST0205,Weekday,Rangpur,TIE - Review,2023,Qtr 2,May,18,ORD-00039,Monitor,2,Online,73800,36900,Thursday
43,Electronics,CUST0206,Weekday,Dhaka,TIE - Review,2023,Qtr 2,May,3,ORD-00537,Laptop,5,Corporate Sales,922500,184500,Wednesday
43,Electronics,CUST0206,Weekday,Dhaka,TIE - Review,2024,Qtr 3,August,22,ORD-01380,Monitor,2,Marketplace,73800,36900,Thursday
54,Electronics,CUST0207,Weekday,Khulna,Male,2023,Qtr 1,March,14,ORD-00058,Laptop,1,Retail Store,184500,184500,Tuesday
54,Electronics,CUST0207,Weekday,Khulna,Male,2024,Qtr 2,June,5,ORD-01130,Smartphone,5,Corporate Sales,492000,98400,Wednesday
57,Electronics,CUST0208,Weekday,Barishal,Female,2023,Qtr 1,February,1,ORD-00198,Laptop,1,Corporate Sales,184500,184500,Wednesday
57,Electronics,CUST0208,Weekday,Barishal,Female,2023,Qtr 2,April,13,ORD-00660,Monitor,1,Retail Store,36900,36900,Thursday
57,Electronics,CUST0208,Weekday,Barishal,Female,2024,Qtr 1,March,14,ORD-01284,Monitor,5,Corporate Sales,184500,36900,Thursday
57,Electronics,CUST0208,Weekend,Barishal,Female,2024,Qtr 3,July,13,ORD-01089,Monitor,1,Corporate Sales,36900,36900,Saturday
63,Electronics,CUST0209,Weekday,Dhaka,Male,2024,Qtr 2,June,25,ORD-01167,Monitor,1,Online,36900,36900,Tuesday
63,Electronics,CUST0209,Weekday,Dhaka,Male,2024,Qtr 3,August,15,ORD-01417,Smartphone,3,Corporate Sales,295200,98400,Thursday
30,Electronics,CUST0210,Weekday,Rajshahi,Male,2023,Qtr 4,December,31,ORD-00860,Monitor,1,Corporate Sales,36900,36900,Sunday
30,Electronics,CUST0210,Weekend,Rajshahi,Male,2023,Qtr 2,May,6,ORD-00388,Monitor,5,Retail Store,184500,36900,Saturday
30,Electronics,CUST0210,Weekend,Rajshahi,Male,2023,Qtr 2,June,9,ORD-00018,Smartphone,2,Retail Store,196800,98400,Friday
30,Electronics,CUST0210,Weekend,Rajshahi,Male,2024,Qtr 3,August,16,ORD-01288,Monitor,4,Retail Store,147600,36900,Friday
35,Electronics,CUST0211,Weekday,Dhaka,TIE - Review,2023,Qtr 1,March,6,ORD-00815,Monitor,5,Corporate Sales,184500,36900,Monday
35,Electronics,CUST0211,Weekend,Dhaka,TIE - Review,2023,Qtr 1,January,27,ORD-00287,Smartphone,5,Online,492000,98400,Friday
35,Electronics,CUST0211,Weekend,Dhaka,TIE - Review,2024,Qtr 2,April,27,ORD-01371,Smartphone,5,Online,492000,98400,Saturday
35,Electronics,CUST0211,Weekend,Dhaka,TIE - Review,2024,Qtr 2,June,21,ORD-01123,Monitor,4,Corporate Sales,147600,36900,Friday
62,Electronics,CUST0212,Weekday,Chattogram,Female,2023,Qtr 3,August,1,ORD-00376,Smartphone,3,Retail Store,295200,98400,Tuesday
62,Electronics,CUST0212,Weekday,Chattogram,Female,2024,Qtr 4,November,20,ORD-01251,Monitor,1,Corporate Sales,36900,36900,Wednesday
62,Electronics,CUST0212,Weekend,Chattogram,Female,2023,Qtr 4,November,18,ORD-00130,Laptop,5,Retail Store,922500,184500,Saturday
45,Electronics,CUST0213,Weekday,Sylhet,Female,2023,Qtr 1,January,2,ORD-00609,Monitor,4,Marketplace,147600,36900,Monday
45,Electronics,CUST0214,Weekday,Dhaka,Female,2023,Qtr 4,October,2,ORD-00857,Monitor,2,Marketplace,73800,36900,Monday
35,Electronics,CUST0215,Weekday,Khulna,Female,2023,Qtr 1,January,22,ORD-00500,Monitor,5,Corporate Sales,184500,36900,Sunday
53,Electronics,CUST0216,Weekday,Mymensingh,Male,2023,Qtr 1,March,14,ORD-00890,Monitor,3,Corporate Sales,110700,36900,Tuesday
53,Electronics,CUST0216,Weekday,Mymensingh,Male,2023,Qtr 2,April,6,ORD-00189,Smartphone,4,Corporate Sales,393600,98400,Thursday
53,Electronics,CUST0216,Weekday,Mymensingh,Male,2023,Qtr 3,July,19,ORD-00172,Smartphone,2,Online,196800,98400,Wednesday
18,Electronics,CUST0217,Weekend,Dhaka,Male,2024,Qtr 2,June,22,ORD-01274,Smartphone,2,Marketplace,196800,98400,Saturday
36,Electronics,CUST0218,Weekday,Rajshahi,Male,2023,Qtr 2,June,6,ORD-00571,Laptop,4,Corporate Sales,738000,184500,Tuesday
36,Electronics,CUST0218,Weekday,Rajshahi,Male,2023,Qtr 3,August,3,ORD-00929,Smartphone,2,Retail Store,196800,98400,Thursday
36,Electronics,CUST0218,Weekday,Rajshahi,Male,2023,Qtr 3,August,17,ORD-00720,Monitor,4,Marketplace,147600,36900,Thursday
36,Electronics,CUST0218,Weekday,Rajshahi,Male,2024,Qtr 3,July,9,ORD-01485,Laptop,4,Corporate Sales,738000,184500,Tuesday
36,Electronics,CUST0218,Weekday,Rajshahi,Male,2024,Qtr 4,October,22,ORD-00176,Smartphone,4,Retail Store,393600,98400,Tuesday
36,Electronics,CUST0218,Weekend,Rajshahi,Male,2024,Qtr 1,January,19,ORD-01612,Smartphone,3,Marketplace,295200,98400,Friday
48,Electronics,CUST0219,Weekday,Dhaka,Female,2024,Qtr 1,February,19,ORD-01668,Laptop,4,Online,738000,184500,Monday
48,Electronics,CUST0219,Weekday,Dhaka,Female,2024,Qtr 2,May,16,ORD-01259,Laptop,4,Marketplace,738000,184500,Thursday
67,Electronics,CUST0220,Weekday,Chattogram,Male,2023,Qtr 1,March,30,ORD-00706,Laptop,2,Marketplace,369000,184500,Thursday
67,Electronics,CUST0220,Weekday,Chattogram,Male,2024,Qtr 1,February,18,ORD-01055,Smartphone,2,Retail Store,196800,98400,Sunday
67,Electronics,CUST0220,Weekday,Chattogram,Male,2024,Qtr 4,November,13,ORD-01571,Smartphone,3,Retail Store,295200,98400,Wednesday
33,Electronics,CUST0221,Weekday,Sylhet,Male,2023,Qtr 4,November,1,ORD-00545,Monitor,3,Marketplace,110700,36900,Wednesday
33,Electronics,CUST0221,Weekday,Sylhet,Male,2024,Qtr 4,November,10,ORD-01207,Smartphone,3,Retail Store,295200,98400,Sunday
33,Electronics,CUST0221,Weekday,Sylhet,Male,2024,Qtr 4,December,19,ORD-01340,Monitor,5,Marketplace,184500,36900,Thursday
61,Electronics,CUST0222,Weekday,Dhaka,Female,2023,Qtr 4,October,3,ORD-00040,Smartphone,2,Corporate Sales,196800,98400,Tuesday
61,Electronics,CUST0222,Weekday,Dhaka,Female,2024,Qtr 3,August,12,ORD-01088,Laptop,4,Online,738000,184500,Monday
61,Electronics,CUST0222,Weekday,Dhaka,Female,2024,Qtr 4,October,10,ORD-01461,Laptop,4,Retail Store,738000,184500,Thursday
20,Electronics,CUST0223,Weekday,Chattogram,Female,2023,Qtr 1,February,1,ORD-00783,Laptop,5,Retail Store,922500,184500,Wednesday
57,Electronics,CUST0224,Weekday,Rangpur,TIE - Review,2023,Qtr 4,November,20,ORD-00379,Smartphone,1,Marketplace,98400,98400,Monday
57,Electronics,CUST0224,Weekday,Rangpur,TIE - Review,2024,Qtr 4,October,10,ORD-00636,Laptop,5,Marketplace,922500,184500,Thursday
65,Electronics,CUST0225,Weekday,Dhaka,TIE - Review,2023,Qtr 1,January,31,ORD-00621,Monitor,4,Corporate Sales,147600,36900,Tuesday
65,Electronics,CUST0225,Weekday,Dhaka,TIE - Review,2024,Qtr 2,May,23,ORD-01334,Laptop,4,Corporate Sales,738000,184500,Thursday
65,Electronics,CUST0225,Weekday,Dhaka,TIE - Review,2024,Qtr 4,December,19,ORD-01010,Monitor,2,Corporate Sales,73800,36900,Thursday
43,Electronics,CUST0226,Weekday,Khulna,Male,2023,Qtr 2,June,14,ORD-00192,Smartphone,4,Marketplace,393600,98400,Wednesday
43,Electronics,CUST0226,Weekend,Khulna,Male,2023,Qtr 1,February,25,ORD-00817,Smartphone,4,Online,393600,98400,Saturday
54,Electronics,CUST0227,Weekday,Barishal,TIE - Review,2023,Qtr 4,December,7,ORD-00113,Smartphone,3,Corporate Sales,295200,98400,Thursday
54,Electronics,CUST0227,Weekend,Barishal,TIE - Review,2024,Qtr 1,February,2,ORD-01847,Laptop,1,Retail Store,184500,184500,Friday
54,Electronics,CUST0227,Weekend,Barishal,TIE - Review,2024,Qtr 2,April,6,ORD-01017,Monitor,3,Online,110700,36900,Saturday
25,Electronics,CUST0228,Weekday,Chattogram,Male,2023,Qtr 1,January,24,ORD-00100,Smartphone,4,Marketplace,393600,98400,Tuesday
25,Electronics,CUST0228,Weekday,Chattogram,Male,2023,Qtr 1,March,9,ORD-00754,Smartphone,1,Marketplace,98400,98400,Thursday
25,Electronics,CUST0228,Weekday,Chattogram,Male,2024,Qtr 1,March,6,ORD-01671,Smartphone,5,Marketplace,492000,98400,Wednesday
25,Electronics,CUST0228,Weekend,Chattogram,Male,2023,Qtr 3,September,23,ORD-00298,Smartphone,1,Online,98400,98400,Saturday
45,Electronics,CUST0229,Weekday,Rajshahi,TIE - Review,2023,Qtr 1,February,7,ORD-00790,Monitor,1,Retail Store,36900,36900,Tuesday
45,Electronics,CUST0229,Weekend,Rajshahi,TIE - Review,2023,Qtr 3,September,16,ORD-00277,Monitor,1,Online,36900,36900,Saturday
44,Electronics,CUST0232,Weekday,Rangpur,TIE - Review,2023,Qtr 4,November,7,ORD-00728,Laptop,5,Corporate Sales,922500,184500,Tuesday
44,Electronics,CUST0232,Weekday,Rangpur,TIE - Review,2024,Qtr 2,June,19,ORD-01452,Smartphone,1,Marketplace,98400,98400,Wednesday
44,Electronics,CUST0232,Weekday,Rangpur,TIE - Review,2024,Qtr 4,November,19,ORD-01165,Monitor,5,Online,184500,36900,Tuesday
44,Electronics,CUST0232,Weekend,Rangpur,TIE - Review,2023,Qtr 1,February,10,ORD-00963,Laptop,1,Retail Store,184500,184500,Friday
24,Electronics,CUST0233,Weekend,Dhaka,Male,2024,Qtr 4,October,11,ORD-00106,Monitor,4,Retail Store,147600,36900,Friday
44,Electronics,CUST0234,Weekday,Khulna,TIE - Review,2023,Qtr 3,September,12,ORD-00930,Laptop,5,Retail Store,922500,184500,Tuesday
44,Electronics,CUST0234,Weekday,Khulna,TIE - Review,2024,Qtr 1,March,20,ORD-01620,Monitor,1,Online,36900,36900,Wednesday
44,Electronics,CUST0234,Weekday,Khulna,TIE - Review,2024,Qtr 2,June,27,ORD-01663,Monitor,2,Retail Store,73800,36900,Thursday
19,Electronics,CUST0235,Weekday,Barishal,Male,2023,Qtr 1,March,6,ORD-00677,Monitor,1,Online,36900,36900,Monday
18,Electronics,CUST0236,Weekday,Dhaka,Male,2023,Qtr 1,January,23,ORD-00517,Laptop,2,Corporate Sales,369000,184500,Monday
18,Electronics,CUST0236,Weekday,Dhaka,Male,2024,Qtr 2,April,14,ORD-01095,Laptop,3,Retail Store,553500,184500,Sunday
18,Electronics,CUST0236,Weekend,Dhaka,Male,2023,Qtr 3,August,19,ORD-00738,Laptop,3,Retail Store,553500,184500,Saturday
65,Electronics,CUST0237,Weekday,Rajshahi,Male,2024,Qtr 2,May,19,ORD-01746,Laptop,4,Corporate Sales,738000,184500,Sunday
65,Electronics,CUST0237,Weekday,Rajshahi,Male,2024,Qtr 2,May,23,ORD-01504,Monitor,4,Corporate Sales,147600,36900,Thursday
65,Electronics,CUST0237,Weekday,Rajshahi,Male,2024,Qtr 2,June,18,ORD-01183,Monitor,5,Retail Store,184500,36900,Tuesday
65,Electronics,CUST0237,Weekday,Rajshahi,Male,2024,Qtr 4,December,3,ORD-01064,Monitor,2,Corporate Sales,73800,36900,Tuesday
26,Electronics,CUST0238,Weekend,Dhaka,Male,2024,Qtr 3,September,6,ORD-01378,Laptop,1,Marketplace,184500,184500,Friday
35,Electronics,CUST0239,Weekday,Chattogram,TIE - Review,2024,Qtr 2,April,9,ORD-01163,Laptop,5,Corporate Sales,922500,184500,Tuesday
35,Electronics,CUST0239,Weekend,Chattogram,TIE - Review,2023,Qtr 2,May,26,ORD-00863,Smartphone,4,Marketplace,393600,98400,Friday
39,Electronics,CUST0240,Weekday,Sylhet,Male,2023,Qtr 3,July,26,ORD-00951,Smartphone,3,Retail Store,295200,98400,Wednesday
39,Electronics,CUST0240,Weekday,Sylhet,Male,2024,Qtr 3,September,4,ORD-01335,Laptop,1,Marketplace,184500,184500,Wednesday
39,Electronics,CUST0240,Weekday,Sylhet,Male,2024,Qtr 4,December,1,ORD-01784,Laptop,5,Corporate Sales,922500,184500,Sunday
39,Electronics,CUST0240,Weekend,Sylhet,Male,2024,Qtr 3,July,19,ORD-01899,Monitor,5,Marketplace,184500,36900,Friday
27,Electronics,CUST0241,Weekday,Dhaka,Female,2024,Qtr 4,October,20,ORD-01853,Laptop,3,Online,553500,184500,Sunday
27,Electronics,CUST0241,Weekday,Dhaka,Female,2024,Qtr 4,December,10,ORD-01057,Smartphone,1,Marketplace,98400,98400,Tuesday
27,Electronics,CUST0241,Weekend,Dhaka,Female,2023,Qtr 1,February,3,ORD-00924,Smartphone,4,Online,393600,98400,Friday
58,Electronics,CUST0242,Weekday,Chattogram,Male,2024,Qtr 2,May,6,ORD-01131,Laptop,5,Corporate Sales,922500,184500,Monday
58,Electronics,CUST0242,Weekend,Chattogram,Male,2023,Qtr 4,December,30,ORD-00025,Smartphone,4,Marketplace,393600,98400,Saturday
58,Electronics,CUST0242,Weekend,Chattogram,Male,2024,Qtr 3,September,13,ORD-00934,Laptop,4,Corporate Sales,738000,184500,Friday
58,Electronics,CUST0243,Weekday,Mymensingh,TIE - Review,2023,Qtr 2,May,14,ORD-00896,Monitor,4,Retail Store,147600,36900,Sunday
58,Electronics,CUST0243,Weekday,Mymensingh,TIE - Review,2024,Qtr 1,January,30,ORD-01376,Monitor,4,Corporate Sales,147600,36900,Tuesday
58,Electronics,CUST0243,Weekday,Mymensingh,TIE - Review,2024,Qtr 4,November,26,ORD-01572,Laptop,4,Online,738000,184500,Tuesday
24,Electronics,CUST0244,Weekday,Dhaka,Female,2024,Qtr 1,February,7,ORD-01954,Monitor,5,Retail Store,184500,36900,Wednesday
24,Electronics,CUST0244,Weekday,Dhaka,Female,2024,Qtr 2,April,14,ORD-01050,Smartphone,5,Corporate Sales,492000,98400,Sunday
24,Electronics,CUST0244,Weekday,Dhaka,Female,2024,Qtr 2,June,6,ORD-01344,Laptop,3,Online,553500,184500,Thursday
24,Electronics,CUST0244,Weekday,Dhaka,Female,2024,Qtr 2,June,18,ORD-01356,Laptop,5,Corporate Sales,922500,184500,Tuesday
24,Electronics,CUST0244,Weekend,Dhaka,Female,2024,Qtr 3,September,28,ORD-01060,Smartphone,3,Retail Store,295200,98400,Saturday
63,Electronics,CUST0245,Weekday,Rajshahi,Male,2023,Qtr 4,December,27,ORD-00297,Smartphone,2,Retail Store,196800,98400,Wednesday
63,Electronics,CUST0245,Weekday,Rajshahi,Male,2024,Qtr 3,August,6,ORD-01550,Laptop,4,Retail Store,738000,184500,Tuesday
63,Electronics,CUST0245,Weekday,Rajshahi,Male,2024,Qtr 4,October,2,ORD-01182,Laptop,3,Corporate Sales,553500,184500,Wednesday
64,Electronics,CUST0246,Weekday,Dhaka,Female,2024,Qtr 1,January,24,ORD-01128,Monitor,4,Online,147600,36900,Wednesday
64,Electronics,CUST0246,Weekday,Dhaka,Female,2024,Qtr 2,April,14,ORD-01181,Laptop,5,Corporate Sales,922500,184500,Sunday
64,Electronics,CUST0246,Weekend,Dhaka,Female,2023,Qtr 3,September,29,ORD-00520,Monitor,3,Retail Store,110700,36900,Friday
44,Electronics,CUST0247,Weekday,Chattogram,Male,2023,Qtr 1,January,19,ORD-00177,Smartphone,1,Retail Store,98400,98400,Thursday
44,Electronics,CUST0247,Weekday,Chattogram,Male,2023,Qtr 2,May,1,ORD-00515,Laptop,3,Retail Store,553500,184500,Monday
44,Electronics,CUST0247,Weekend,Chattogram,Male,2024,Qtr 1,February,9,ORD-01701,Laptop,5,Retail Store,922500,184500,Friday
67,Electronics,CUST0248,Weekday,Sylhet,TIE - Review,2023,Qtr 3,July,26,ORD-00648,Laptop,1,Marketplace,184500,184500,Wednesday
67,Electronics,CUST0248,Weekday,Sylhet,TIE - Review,2023,Qtr 3,August,27,ORD-00527,Monitor,1,Marketplace,36900,36900,Sunday
67,Electronics,CUST0248,Weekday,Sylhet,TIE - Review,2024,Qtr 4,November,5,ORD-01243,Monitor,3,Retail Store,110700,36900,Tuesday
67,Electronics,CUST0248,Weekday,Sylhet,TIE - Review,2024,Qtr 4,December,25,ORD-01232,Smartphone,5,Retail Store,492000,98400,Wednesday
33,Electronics,CUST0249,Weekday,Dhaka,Male,2023,Qtr 1,January,16,ORD-00563,Monitor,5,Corporate Sales,184500,36900,Monday
33,Electronics,CUST0249,Weekday,Dhaka,Male,2024,Qtr 4,November,20,ORD-01757,Smartphone,4,Online,393600,98400,Wednesday
33,Electronics,CUST0249,Weekday,Dhaka,Male,2024,Qtr 4,December,8,ORD-01657,Laptop,3,Retail Store,553500,184500,Sunday
64,Electronics,CUST0250,Weekday,Chattogram,Female,2023,Qtr 2,May,22,ORD-00662,Laptop,1,Marketplace,184500,184500,Monday
64,Electronics,CUST0250,Weekend,Chattogram,Female,2023,Qtr 3,August,5,ORD-00574,Smartphone,2,Retail Store,196800,98400,Saturday
42,Electronics,CUST0251,Weekday,Rangpur,Male,2023,Qtr 1,January,9,ORD-00637,Laptop,2,Corporate Sales,369000,184500,Monday
42,Electronics,CUST0251,Weekday,Rangpur,Male,2024,Qtr 1,March,10,ORD-01760,Laptop,2,Online,369000,184500,Sunday
42,Electronics,CUST0251,Weekday,Rangpur,Male,2024,Qtr 2,May,26,ORD-01710,Monitor,2,Retail Store,73800,36900,Sunday
42,Electronics,CUST0251,Weekend,Rangpur,Male,2023,Qtr 4,November,18,ORD-00316,Smartphone,3,Marketplace,295200,98400,Saturday
55,Electronics,CUST0252,Weekday,Dhaka,Male,2024,Qtr 1,February,29,ORD-01133,Monitor,3,Corporate Sales,110700,36900,Thursday
51,Electronics,CUST0253,Weekday,Khulna,Female,2023,Qtr 1,February,28,ORD-00227,Laptop,1,Retail Store,184500,184500,Tuesday
51,Electronics,CUST0253,Weekday,Khulna,Female,2023,Qtr 2,June,12,ORD-00488,Smartphone,5,Corporate Sales,492000,98400,Monday
51,Electronics,CUST0253,Weekday,Khulna,Female,2023,Qtr 3,August,3,ORD-00713,Monitor,5,Marketplace,184500,36900,Thursday
39,Electronics,CUST0255,Weekday,Chattogram,Male,2023,Qtr 1,February,20,ORD-00975,Monitor,1,Online,36900,36900,Monday
39,Electronics,CUST0255,Weekday,Chattogram,Male,2023,Qtr 4,November,16,ORD-00844,Laptop,2,Retail Store,369000,184500,Thursday
39,Electronics,CUST0255,Weekday,Chattogram,Male,2024,Qtr 1,February,5,ORD-01539,Laptop,4,Corporate Sales,738000,184500,Monday
39,Electronics,CUST0255,Weekend,Chattogram,Male,2023,Qtr 1,February,18,ORD-00702,Smartphone,3,Corporate Sales,295200,98400,Saturday
69,Electronics,CUST0256,Weekday,Rajshahi,Male,2023,Qtr 3,August,15,ORD-00237,Monitor,4,Corporate Sales,147600,36900,Tuesday
69,Electronics,CUST0256,Weekday,Rajshahi,Male,2023,Qtr 3,September,26,ORD-00829,Laptop,3,Corporate Sales,553500,184500,Tuesday
69,Electronics,CUST0256,Weekend,Rajshahi,Male,2023,Qtr 4,October,7,ORD-00335,Smartphone,3,Retail Store,295200,98400,Saturday
39,Electronics,CUST0258,Weekday,Chattogram,Female,2023,Qtr 2,May,16,ORD-00149,Monitor,4,Corporate Sales,147600,36900,Tuesday
39,Electronics,CUST0258,Weekday,Chattogram,Female,2023,Qtr 3,July,23,ORD-00936,Monitor,1,Corporate Sales,36900,36900,Sunday
39,Electronics,CUST0258,Weekday,Chattogram,Female,2024,Qtr 4,November,18,ORD-01747,Smartphone,1,Online,98400,98400,Monday
39,Electronics,CUST0258,Weekend,Chattogram,Female,2023,Qtr 1,February,3,ORD-00394,Laptop,3,Marketplace,553500,184500,Friday
59,Electronics,CUST0259,Weekday,Rangpur,Male,2023,Qtr 2,May,1,ORD-00922,Monitor,3,Online,110700,36900,Monday
59,Electronics,CUST0259,Weekday,Rangpur,Male,2023,Qtr 3,August,22,ORD-00162,Laptop,2,Corporate Sales,369000,184500,Tuesday
59,Electronics,CUST0259,Weekday,Rangpur,Male,2024,Qtr 2,April,23,ORD-01170,Smartphone,4,Retail Store,393600,98400,Tuesday
59,Electronics,CUST0259,Weekend,Rangpur,Male,2024,Qtr 4,December,20,ORD-01403,Monitor,4,Corporate Sales,147600,36900,Friday
32,Electronics,CUST0260,Weekday,Dhaka,Male,2023,Qtr 2,May,22,ORD-00650,Monitor,3,Retail Store,110700,36900,Monday
32,Electronics,CUST0260,Weekend,Dhaka,Male,2023,Qtr 3,July,14,ORD-00569,Monitor,2,Marketplace,73800,36900,Friday
48,Electronics,CUST0261,Weekday,Khulna,Male,2023,Qtr 4,October,1,ORD-00072,Laptop,5,Marketplace,922500,184500,Sunday
27,Electronics,CUST0262,Weekday,Mymensingh,Male,2024,Qtr 3,August,12,ORD-01438,Monitor,2,Corporate Sales,73800,36900,Monday
40,Electronics,CUST0263,Weekday,Dhaka,Female,2023,Qtr 1,January,9,ORD-00572,Smartphone,2,Corporate Sales,196800,98400,Monday
40,Electronics,CUST0263,Weekend,Dhaka,Female,2023,Qtr 3,July,22,ORD-00711,Monitor,1,Marketplace,36900,36900,Saturday
59,Electronics,CUST0264,Weekday,Rajshahi,Female,2023,Qtr 1,February,1,ORD-00027,Smartphone,2,Marketplace,196800,98400,Wednesday
59,Electronics,CUST0264,Weekday,Rajshahi,Female,2023,Qtr 4,December,26,ORD-00482,Monitor,3,Marketplace,110700,36900,Tuesday
59,Electronics,CUST0264,Weekday,Rajshahi,Female,2024,Qtr 3,July,8,ORD-01279,Smartphone,1,Corporate Sales,98400,98400,Monday
59,Electronics,CUST0264,Weekend,Rajshahi,Female,2023,Qtr 1,March,3,ORD-00889,Smartphone,4,Online,393600,98400,Friday
29,Electronics,CUST0266,Weekday,Chattogram,Male,2023,Qtr 1,January,26,ORD-00948,Laptop,2,Corporate Sales,369000,184500,Thursday
29,Electronics,CUST0266,Weekday,Chattogram,Male,2023,Qtr 3,September,4,ORD-00460,Monitor,4,Marketplace,147600,36900,Monday
29,Electronics,CUST0266,Weekday,Chattogram,Male,2024,Qtr 1,February,27,ORD-01161,Smartphone,2,Corporate Sales,196800,98400,Tuesday
29,Electronics,CUST0267,Weekday,Sylhet,Male,2023,Qtr 2,June,1,ORD-00125,Laptop,3,Corporate Sales,553500,184500,Thursday
29,Electronics,CUST0267,Weekday,Sylhet,Male,2024,Qtr 1,March,13,ORD-01513,Laptop,3,Retail Store,553500,184500,Wednesday
21,Electronics,CUST0268,Weekday,Dhaka,Male,2023,Qtr 2,May,16,ORD-00944,Monitor,4,Retail Store,147600,36900,Tuesday
21,Electronics,CUST0268,Weekday,Dhaka,Male,2023,Qtr 3,August,3,ORD-00311,Monitor,2,Retail Store,73800,36900,Thursday
21,Electronics,CUST0268,Weekday,Dhaka,Male,2024,Qtr 1,January,11,ORD-01458,Laptop,5,Retail Store,922500,184500,Thursday
21,Electronics,CUST0268,Weekday,Dhaka,Male,2024,Qtr 1,January,21,ORD-01589,Smartphone,1,Marketplace,98400,98400,Sunday
21,Electronics,CUST0268,Weekday,Dhaka,Male,2024,Qtr 1,February,28,ORD-01697,Smartphone,4,Online,393600,98400,Wednesday
21,Electronics,CUST0268,Weekday,Dhaka,Male,2024,Qtr 1,March,6,ORD-01471,Monitor,4,Marketplace,147600,36900,Wednesday
21,Electronics,CUST0268,Weekend,Dhaka,Male,2023,Qtr 4,December,8,ORD-00001,Monitor,5,Online,184500,36900,Friday
64,Electronics,CUST0269,Weekday,Chattogram,Male,2023,Qtr 2,April,23,ORD-00194,Monitor,5,Corporate Sales,184500,36900,Sunday
64,Electronics,CUST0269,Weekday,Chattogram,Male,2023,Qtr 4,December,3,ORD-00080,Laptop,5,Marketplace,922500,184500,Sunday
64,Electronics,CUST0269,Weekday,Chattogram,Male,2024,Qtr 1,January,17,ORD-01333,Laptop,3,Retail Store,553500,184500,Wednesday
64,Electronics,CUST0269,Weekday,Chattogram,Male,2024,Qtr 3,September,22,ORD-01099,Laptop,3,Corporate Sales,553500,184500,Sunday
64,Electronics,CUST0269,Weekend,Chattogram,Male,2023,Qtr 3,September,9,ORD-00508,Monitor,4,Online,147600,36900,Saturday
64,Electronics,CUST0269,Weekend,Chattogram,Male,2024,Qtr 2,May,31,ORD-01460,Smartphone,1,Corporate Sales,98400,98400,Friday
64,Electronics,CUST0270,Weekday,Mymensingh,TIE - Review,2024,Qtr 1,February,8,ORD-01032,Monitor,3,Marketplace,110700,36900,Thursday
64,Electronics,CUST0270,Weekday,Mymensingh,TIE - Review,2024,Qtr 3,August,5,ORD-01185,Smartphone,5,Online,492000,98400,Monday
64,Electronics,CUST0270,Weekend,Mymensingh,TIE - Review,2023,Qtr 3,July,14,ORD-00193,Laptop,1,Online,184500,184500,Friday
64,Electronics,CUST0270,Weekend,Mymensingh,TIE - Review,2024,Qtr 4,November,9,ORD-01664,Smartphone,2,Marketplace,196800,98400,Saturday
46,Electronics,CUST0271,Weekday,Dhaka,Male,2023,Qtr 4,November,20,ORD-00684,Monitor,4,Corporate Sales,147600,36900,Monday
46,Electronics,CUST0271,Weekend,Dhaka,Male,2024,Qtr 4,October,5,ORD-01846,Monitor,2,Marketplace,73800,36900,Saturday
52,Electronics,CUST0272,Weekday,Khulna,TIE - Review,2023,Qtr 2,May,29,ORD-00953,Smartphone,1,Corporate Sales,98400,98400,Monday
52,Electronics,CUST0272,Weekend,Khulna,TIE - Review,2023,Qtr 2,May,13,ORD-00236,Laptop,5,Corporate Sales,922500,184500,Saturday
52,Electronics,CUST0272,Weekend,Khulna,TIE - Review,2024,Qtr 4,December,7,ORD-01508,Laptop,4,Corporate Sales,738000,184500,Saturday
55,Electronics,CUST0273,Weekday,Dhaka,TIE - Review,2023,Qtr 1,January,15,ORD-00256,Monitor,3,Retail Store,110700,36900,Sunday
55,Electronics,CUST0273,Weekday,Dhaka,TIE - Review,2023,Qtr 2,June,7,ORD-00217,Laptop,2,Marketplace,369000,184500,Wednesday
51,Electronics,CUST0274,Weekday,Chattogram,TIE - Review,2023,Qtr 4,December,28,ORD-00819,Monitor,4,Corporate Sales,147600,36900,Thursday
51,Electronics,CUST0274,Weekday,Chattogram,TIE - Review,2024,Qtr 1,March,28,ORD-01381,Monitor,1,Corporate Sales,36900,36900,Thursday
51,Electronics,CUST0274,Weekday,Chattogram,TIE - Review,2024,Qtr 3,August,20,ORD-01142,Laptop,4,Online,738000,184500,Tuesday
51,Electronics,CUST0274,Weekend,Chattogram,TIE - Review,2023,Qtr 1,January,7,ORD-00530,Laptop,5,Retail Store,922500,184500,Saturday
66,Electronics,CUST0276,Weekday,Dhaka,Male,2023,Qtr 2,June,11,ORD-00954,Monitor,5,Marketplace,184500,36900,Sunday
66,Electronics,CUST0276,Weekday,Dhaka,Male,2023,Qtr 4,November,1,ORD-00334,Monitor,1,Corporate Sales,36900,36900,Wednesday
66,Electronics,CUST0276,Weekday,Dhaka,Male,2024,Qtr 2,June,17,ORD-01390,Smartphone,3,Retail Store,295200,98400,Monday
66,Electronics,CUST0276,Weekend,Dhaka,Male,2023,Qtr 2,May,5,ORD-00786,Smartphone,3,Marketplace,295200,98400,Friday
66,Electronics,CUST0276,Weekend,Dhaka,Male,2023,Qtr 4,December,1,ORD-00747,Laptop,3,Corporate Sales,553500,184500,Friday
59,Electronics,CUST0279,Weekday,Dhaka,Female,2024,Qtr 1,March,14,ORD-01002,Smartphone,1,Corporate Sales,98400,98400,Thursday
59,Electronics,CUST0279,Weekday,Dhaka,Female,2024,Qtr 3,September,29,ORD-01526,Smartphone,3,Corporate Sales,295200,98400,Sunday
59,Electronics,CUST0279,Weekend,Dhaka,Female,2023,Qtr 4,November,24,ORD-00917,Smartphone,5,Retail Store,492000,98400,Friday
44,Electronics,CUST0280,Weekday,Khulna,Male,2024,Qtr 2,June,19,ORD-01547,Laptop,2,Corporate Sales,369000,184500,Wednesday
44,Electronics,CUST0281,Weekday,Barishal,Female,2023,Qtr 1,January,1,ORD-00354,Laptop,4,Marketplace,738000,184500,Sunday
44,Electronics,CUST0281,Weekday,Barishal,Female,2023,Qtr 4,November,21,ORD-00321,Laptop,5,Retail Store,922500,184500,Tuesday
44,Electronics,CUST0281,Weekday,Barishal,Female,2023,Qtr 4,November,27,ORD-00324,Laptop,2,Online,369000,184500,Monday
44,Electronics,CUST0281,Weekend,Barishal,Female,2023,Qtr 3,September,30,ORD-00739,Monitor,2,Corporate Sales,73800,36900,Saturday
68,Electronics,CUST0282,Weekday,Dhaka,Male,2023,Qtr 1,February,12,ORD-00038,Smartphone,2,Marketplace,196800,98400,Sunday
68,Electronics,CUST0282,Weekday,Dhaka,Male,2023,Qtr 4,November,7,ORD-00521,Laptop,4,Online,738000,184500,Tuesday
68,Electronics,CUST0282,Weekday,Dhaka,Male,2023,Qtr 4,November,29,ORD-00247,Smartphone,3,Online,295200,98400,Wednesday
67,Electronics,CUST0283,Weekday,Rajshahi,Female,2023,Qtr 2,June,25,ORD-00504,Laptop,1,Retail Store,184500,184500,Sunday
67,Electronics,CUST0283,Weekday,Rajshahi,Female,2023,Qtr 4,November,8,ORD-00021,Smartphone,5,Online,492000,98400,Wednesday
67,Electronics,CUST0283,Weekday,Rajshahi,Female,2024,Qtr 2,April,11,ORD-01475,Laptop,3,Corporate Sales,553500,184500,Thursday
64,Electronics,CUST0284,Weekday,Dhaka,Female,2023,Qtr 3,August,1,ORD-00037,Monitor,1,Corporate Sales,36900,36900,Tuesday
64,Electronics,CUST0284,Weekday,Dhaka,Female,2024,Qtr 4,November,25,ORD-01931,Laptop,3,Online,553500,184500,Monday
64,Electronics,CUST0284,Weekend,Dhaka,Female,2023,Qtr 2,June,17,ORD-00332,Monitor,3,Retail Store,110700,36900,Saturday
64,Electronics,CUST0284,Weekend,Dhaka,Female,2024,Qtr 4,October,11,ORD-01497,Monitor,4,Corporate Sales,147600,36900,Friday
58,Electronics,CUST0285,Weekend,Chattogram,Female,2023,Qtr 1,March,31,ORD-00723,Monitor,4,Marketplace,147600,36900,Friday
58,Electronics,CUST0285,Weekend,Chattogram,Female,2023,Qtr 2,June,3,ORD-00396,Smartphone,3,Online,295200,98400,Saturday
63,Electronics,CUST0286,Weekday,Sylhet,TIE - Review,2023,Qtr 1,March,8,ORD-00091,Laptop,1,Retail Store,184500,184500,Wednesday
63,Electronics,CUST0286,Weekday,Sylhet,TIE - Review,2024,Qtr 2,May,14,ORD-01430,Monitor,2,Retail Store,73800,36900,Tuesday
60,Electronics,CUST0287,Weekday,Dhaka,Female,2023,Qtr 2,June,29,ORD-00759,Smartphone,4,Marketplace,393600,98400,Thursday
60,Electronics,CUST0287,Weekday,Dhaka,Female,2024,Qtr 3,July,22,ORD-00999,Monitor,5,Marketplace,184500,36900,Monday
60,Electronics,CUST0287,Weekday,Dhaka,Female,2024,Qtr 3,July,31,ORD-01955,Laptop,5,Online,922500,184500,Wednesday
60,Electronics,CUST0287,Weekend,Dhaka,Female,2024,Qtr 4,December,20,ORD-01616,Monitor,3,Marketplace,110700,36900,Friday
55,Electronics,CUST0288,Weekday,Khulna,Male,2023,Qtr 1,January,25,ORD-00032,Laptop,4,Retail Store,738000,184500,Wednesday
55,Electronics,CUST0288,Weekday,Khulna,Male,2023,Qtr 2,June,8,ORD-00797,Laptop,2,Marketplace,369000,184500,Thursday
55,Electronics,CUST0288,Weekday,Khulna,Male,2024,Qtr 1,February,19,ORD-01450,Smartphone,4,Online,393600,98400,Monday
55,Electronics,CUST0288,Weekday,Khulna,Male,2024,Qtr 2,May,22,ORD-01528,Smartphone,5,Retail Store,492000,98400,Wednesday
37,Electronics,CUST0289,Weekday,Mymensingh,Female,2023,Qtr 3,July,6,ORD-00114,Laptop,5,Online,922500,184500,Thursday
37,Electronics,CUST0289,Weekday,Mymensingh,Female,2024,Qtr 1,February,20,ORD-01810,Monitor,5,Corporate Sales,184500,36900,Tuesday
37,Electronics,CUST0290,Weekend,Dhaka,Female,2024,Qtr 4,October,11,ORD-01661,Laptop,3,Marketplace,553500,184500,Friday
49,Electronics,CUST0291,Weekday,Rajshahi,Female,2023,Qtr 2,May,21,ORD-00908,Monitor,3,Corporate Sales,110700,36900,Sunday
49,Electronics,CUST0291,Weekday,Rajshahi,Female,2023,Qtr 2,May,29,ORD-00459,Monitor,3,Online,110700,36900,Monday
49,Electronics,CUST0291,Weekday,Rajshahi,Female,2024,Qtr 3,August,20,ORD-01066,Laptop,3,Retail Store,553500,184500,Tuesday
21,Electronics,CUST0292,Weekday,Dhaka,Male,2024,Qtr 1,February,25,ORD-01203,Laptop,2,Marketplace,369000,184500,Sunday
21,Electronics,CUST0292,Weekday,Dhaka,Male,2024,Qtr 4,November,4,ORD-01754,Smartphone,3,Marketplace,295200,98400,Monday
21,Electronics,CUST0292,Weekday,Dhaka,Male,2024,Qtr 4,November,24,ORD-01803,Smartphone,3,Corporate Sales,295200,98400,Sunday
32,Electronics,CUST0293,Weekday,Chattogram,Male,2023,Qtr 1,March,27,ORD-00810,Monitor,2,Online,73800,36900,Monday
32,Electronics,CUST0293,Weekday,Chattogram,Male,2023,Qtr 4,October,17,ORD-00800,Monitor,2,Retail Store,73800,36900,Tuesday
32,Electronics,CUST0293,Weekend,Chattogram,Male,2023,Qtr 4,October,28,ORD-00620,Laptop,5,Corporate Sales,922500,184500,Saturday
32,Electronics,CUST0293,Weekend,Chattogram,Male,2023,Qtr 4,November,17,ORD-00418,Laptop,3,Corporate Sales,553500,184500,Friday
49,Electronics,CUST0294,Weekday,Sylhet,Female,2024,Qtr 1,January,25,ORD-01249,Laptop,2,Marketplace,369000,184500,Thursday
49,Electronics,CUST0294,Weekday,Sylhet,Female,2024,Qtr 1,March,26,ORD-01935,Smartphone,5,Retail Store,492000,98400,Tuesday
49,Electronics,CUST0294,Weekend,Sylhet,Female,2024,Qtr 1,March,8,ORD-01078,Smartphone,3,Retail Store,295200,98400,Friday
49,Electronics,CUST0294,Weekend,Sylhet,Female,2024,Qtr 2,June,15,ORD-01375,Monitor,1,Retail Store,36900,36900,Saturday
26,Electronics,CUST0295,Weekday,Dhaka,TIE - Review,2023,Qtr 4,December,31,ORD-00502,Smartphone,5,Retail Store,492000,98400,Sunday
26,Electronics,CUST0295,Weekday,Dhaka,TIE - Review,2024,Qtr 2,April,28,ORD-01567,Monitor,1,Marketplace,36900,36900,Sunday
26,Electronics,CUST0295,Weekday,Dhaka,TIE - Review,2024,Qtr 3,August,19,ORD-01537,Smartphone,1,Retail Store,98400,98400,Monday
26,Electronics,CUST0295,Weekday,Dhaka,TIE - Review,2024,Qtr 3,September,12,ORD-01331,Smartphone,5,Marketplace,492000,98400,Thursday
26,Electronics,CUST0295,Weekday,Dhaka,TIE - Review,2024,Qtr 4,December,18,ORD-01261,Monitor,5,Retail Store,184500,36900,Wednesday
26,Electronics,CUST0295,Weekend,Dhaka,TIE - Review,2023,Qtr 2,May,27,ORD-00516,Laptop,3,Marketplace,553500,184500,Saturday
26,Electronics,CUST0295,Weekend,Dhaka,TIE - Review,2023,Qtr 2,June,16,ORD-00912,Monitor,1,Marketplace,36900,36900,Friday
50,Electronics,CUST0296,Weekday,Chattogram,Female,2023,Qtr 4,December,26,ORD-00795,Monitor,1,Online,36900,36900,Tuesday
50,Electronics,CUST0296,Weekend,Chattogram,Female,2023,Qtr 3,August,11,ORD-00319,Smartphone,5,Retail Store,492000,98400,Friday
50,Electronics,CUST0296,Weekend,Chattogram,Female,2023,Qtr 4,October,7,ORD-00480,Monitor,4,Marketplace,147600,36900,Saturday
61,Electronics,CUST0297,Weekday,Rangpur,Male,2023,Qtr 2,April,25,ORD-00409,Monitor,2,Marketplace,73800,36900,Tuesday
61,Electronics,CUST0297,Weekday,Rangpur,Male,2023,Qtr 4,October,10,ORD-00123,Monitor,2,Retail Store,73800,36900,Tuesday
58,Electronics,CUST0298,Weekday,Dhaka,TIE - Review,2023,Qtr 2,April,4,ORD-00221,Smartphone,4,Retail Store,393600,98400,Tuesday
58,Electronics,CUST0298,Weekday,Dhaka,TIE - Review,2024,Qtr 1,February,27,ORD-01820,Laptop,5,Retail Store,922500,184500,Tuesday
58,Electronics,CUST0298,Weekend,Dhaka,TIE - Review,2023,Qtr 4,November,11,ORD-00696,Smartphone,2,Corporate Sales,196800,98400,Saturday
58,Electronics,CUST0298,Weekend,Dhaka,TIE - Review,2024,Qtr 1,January,19,ORD-01235,Smartphone,5,Corporate Sales,492000,98400,Friday
58,Electronics,CUST0298,Weekend,Dhaka,TIE - Review,2024,Qtr 4,December,7,ORD-01446,Monitor,3,Corporate Sales,110700,36900,Saturday
58,Electronics,CUST0299,Weekday,Khulna,Female,2023,Qtr 1,January,3,ORD-00617,Smartphone,5,Retail Store,492000,98400,Tuesday
58,Electronics,CUST0299,Weekend,Khulna,Female,2023,Qtr 4,December,16,ORD-00458,Smartphone,5,Marketplace,492000,98400,Saturday
66,Electronics,CUST0300,Weekend,Dhaka,TIE - Review,2024,Qtr 1,March,9,ORD-01082,Laptop,2,Corporate Sales,369000,184500,Saturday
23,Wearables,CUST0002,Weekend,Rajshahi,Male,2024,Qtr 3,September,14,ORD-01703,Smartwatch,2,Marketplace,49200,24600,Saturday
63,Wearables,CUST0003,Weekday,Dhaka,Male,2023,Qtr 2,June,7,ORD-00952,Smartwatch,4,Retail Store,98400,24600,Wednesday
63,Wearables,CUST0003,Weekday,Dhaka,Male,2024,Qtr 3,July,28,ORD-01198,Smartwatch,5,Online,123000,24600,Sunday
65,Wearables,CUST0004,Weekend,Chattogram,Male,2024,Qtr 3,August,16,ORD-01744,Smartwatch,5,Retail Store,123000,24600,Friday
56,Wearables,CUST0005,Weekday,Rangpur,Female,2024,Qtr 1,January,4,ORD-01069,Smartwatch,3,Retail Store,73800,24600,Thursday
52,Wearables,CUST0006,Weekday,Dhaka,TIE - Review,2023,Qtr 2,May,15,ORD-00823,Smartwatch,5,Online,123000,24600,Monday
52,Wearables,CUST0006,Weekday,Dhaka,TIE - Review,2023,Qtr 3,August,2,ORD-00088,Smartwatch,1,Corporate Sales,24600,24600,Wednesday
52,Wearables,CUST0006,Weekend,Dhaka,TIE - Review,2023,Qtr 2,April,7,ORD-00425,Smartwatch,3,Online,73800,24600,Friday
52,Wearables,CUST0007,Weekday,Khulna,Female,2023,Qtr 2,April,10,ORD-00827,Smartwatch,3,Marketplace,73800,24600,Monday
52,Wearables,CUST0007,Weekend,Khulna,Female,2024,Qtr 4,December,20,ORD-01091,Smartwatch,5,Retail Store,123000,24600,Friday
18,Wearables,CUST0008,Weekday,Barishal,Female,2024,Qtr 1,January,9,ORD-01138,Smartwatch,4,Corporate Sales,98400,24600,Tuesday
50,Wearables,CUST0009,Weekday,Dhaka,Male,2024,Qtr 2,April,23,ORD-01926,Smartwatch,2,Online,49200,24600,Tuesday
50,Wearables,CUST0009,Weekend,Dhaka,Male,2024,Qtr 4,November,16,ORD-01271,Smartwatch,1,Corporate Sales,24600,24600,Saturday
37,Wearables,CUST0010,Weekday,Rajshahi,TIE - Review,2023,Qtr 2,June,6,ORD-00619,Smartwatch,2,Corporate Sales,49200,24600,Tuesday
54,Wearables,CUST0011,Weekday,Dhaka,TIE - Review,2024,Qtr 1,January,24,ORD-01842,Smartwatch,1,Online,24600,24600,Wednesday
28,Wearables,CUST0012,Weekday,Chattogram,Male,2024,Qtr 2,May,5,ORD-01875,Smartwatch,5,Marketplace,123000,24600,Sunday
28,Wearables,CUST0012,Weekend,Chattogram,Male,2024,Qtr 3,September,20,ORD-01315,Smartwatch,3,Corporate Sales,73800,24600,Friday
55,Wearables,CUST0013,Weekday,Sylhet,Female,2023,Qtr 1,March,16,ORD-00735,Smartwatch,4,Corporate Sales,98400,24600,Thursday
38,Wearables,CUST0018,Weekday,Rajshahi,Female,2024,Qtr 1,January,8,ORD-01912,Smartwatch,1,Retail Store,24600,24600,Monday
69,Wearables,CUST0019,Weekday,Dhaka,Male,2023,Qtr 3,August,16,ORD-00364,Smartwatch,1,Online,24600,24600,Wednesday
69,Wearables,CUST0019,Weekday,Dhaka,Male,2024,Qtr 3,July,25,ORD-01214,Smartwatch,4,Marketplace,98400,24600,Thursday
43,Wearables,CUST0021,Weekday,Sylhet,TIE - Review,2023,Qtr 4,December,28,ORD-00767,Smartwatch,1,Marketplace,24600,24600,Thursday
33,Wearables,CUST0022,Weekday,Dhaka,Female,2023,Qtr 4,November,21,ORD-00079,Smartwatch,2,Marketplace,49200,24600,Tuesday
33,Wearables,CUST0022,Weekday,Dhaka,Female,2024,Qtr 1,January,21,ORD-01681,Smartwatch,2,Marketplace,49200,24600,Sunday
57,Wearables,CUST0024,Weekend,Rangpur,Female,2023,Qtr 4,December,8,ORD-00101,Smartwatch,2,Marketplace,49200,24600,Friday
50,Wearables,CUST0028,Weekday,Chattogram,Male,2023,Qtr 3,August,22,ORD-00126,Smartwatch,5,Online,123000,24600,Tuesday
44,Wearables,CUST0030,Weekday,Dhaka,Female,2024,Qtr 4,November,14,ORD-01238,Smartwatch,1,Marketplace,24600,24600,Thursday
67,Wearables,CUST0031,Weekend,Chattogram,Male,2023,Qtr 3,September,30,ORD-00640,Smartwatch,1,Online,24600,24600,Saturday
63,Wearables,CUST0032,Weekday,Rangpur,Male,2024,Qtr 1,January,3,ORD-01570,Smartwatch,5,Retail Store,123000,24600,Wednesday
63,Wearables,CUST0032,Weekend,Rangpur,Male,2024,Qtr 1,March,30,ORD-01447,Smartwatch,5,Online,123000,24600,Saturday
33,Wearables,CUST0036,Weekday,Dhaka,TIE - Review,2024,Qtr 2,April,11,ORD-01372,Smartwatch,3,Retail Store,73800,24600,Thursday
33,Wearables,CUST0036,Weekday,Dhaka,TIE - Review,2024,Qtr 3,August,8,ORD-01653,Smartwatch,5,Marketplace,123000,24600,Thursday
51,Wearables,CUST0037,Weekday,Rajshahi,TIE - Review,2024,Qtr 2,April,11,ORD-00994,Smartwatch,1,Corporate Sales,24600,24600,Thursday
51,Wearables,CUST0037,Weekday,Rajshahi,TIE - Review,2024,Qtr 4,December,3,ORD-01387,Smartwatch,5,Retail Store,123000,24600,Tuesday
60,Wearables,CUST0039,Weekend,Chattogram,Male,2023,Qtr 4,December,2,ORD-00729,Smartwatch,1,Retail Store,24600,24600,Saturday
60,Wearables,CUST0039,Weekend,Chattogram,Male,2024,Qtr 2,May,4,ORD-01332,Smartwatch,1,Corporate Sales,24600,24600,Saturday
29,Wearables,CUST0040,Weekday,Sylhet,TIE - Review,2023,Qtr 1,January,30,ORD-00993,Smartwatch,1,Marketplace,24600,24600,Monday
57,Wearables,CUST0042,Weekday,Chattogram,Female,2023,Qtr 1,January,4,ORD-00535,Smartwatch,5,Retail Store,123000,24600,Wednesday
57,Wearables,CUST0042,Weekend,Chattogram,Female,2024,Qtr 1,January,6,ORD-01411,Smartwatch,3,Retail Store,73800,24600,Saturday
30,Wearables,CUST0044,Weekday,Dhaka,Male,2023,Qtr 2,June,28,ORD-00933,Smartwatch,4,Corporate Sales,98400,24600,Wednesday
30,Wearables,CUST0044,Weekday,Dhaka,Male,2023,Qtr 3,August,8,ORD-00457,Smartwatch,2,Marketplace,49200,24600,Tuesday
41,Wearables,CUST0047,Weekday,Chattogram,Female,2023,Qtr 2,June,18,ORD-00314,Smartwatch,3,Online,73800,24600,Sunday
41,Wearables,CUST0047,Weekday,Chattogram,Female,2024,Qtr 3,September,11,ORD-01619,Smartwatch,4,Online,98400,24600,Wednesday
34,Wearables,CUST0048,Weekday,Sylhet,Male,2023,Qtr 2,April,13,ORD-00887,Smartwatch,3,Retail Store,73800,24600,Thursday
34,Wearables,CUST0048,Weekday,Sylhet,Male,2024,Qtr 3,August,6,ORD-01276,Smartwatch,2,Retail Store,49200,24600,Tuesday
40,Wearables,CUST0050,Weekday,Chattogram,TIE - Review,2024,Qtr 4,December,23,ORD-01805,Smartwatch,4,Marketplace,98400,24600,Monday
25,Wearables,CUST0053,Weekday,Khulna,Female,2023,Qtr 3,July,25,ORD-00145,Smartwatch,5,Marketplace,123000,24600,Tuesday
25,Wearables,CUST0053,Weekday,Khulna,Female,2023,Qtr 3,August,14,ORD-00028,Smartwatch,1,Online,24600,24600,Monday
25,Wearables,CUST0053,Weekday,Khulna,Female,2023,Qtr 4,November,20,ORD-00868,Smartwatch,1,Online,24600,24600,Monday
45,Wearables,CUST0055,Weekday,Chattogram,Female,2023,Qtr 1,January,11,ORD-00789,Smartwatch,4,Retail Store,98400,24600,Wednesday
45,Wearables,CUST0055,Weekend,Chattogram,Female,2023,Qtr 3,September,23,ORD-00251,Smartwatch,2,Online,49200,24600,Saturday
45,Wearables,CUST0055,Weekend,Chattogram,Female,2023,Qtr 4,November,25,ORD-00343,Smartwatch,3,Retail Store,73800,24600,Saturday
23,Wearables,CUST0056,Weekend,Rajshahi,Female,2024,Qtr 4,November,29,ORD-01006,Smartwatch,3,Retail Store,73800,24600,Friday
43,Wearables,CUST0062,Weekday,Mymensingh,Male,2023,Qtr 4,October,8,ORD-00303,Smartwatch,2,Marketplace,49200,24600,Sunday
20,Wearables,CUST0063,Weekday,Dhaka,Male,2023,Qtr 2,June,14,ORD-00570,Smartwatch,4,Online,98400,24600,Wednesday
61,Wearables,CUST0064,Weekday,Rajshahi,Male,2024,Qtr 4,October,16,ORD-01408,Smartwatch,4,Corporate Sales,98400,24600,Wednesday
41,Wearables,CUST0065,Weekend,Dhaka,Female,2023,Qtr 1,January,6,ORD-00839,Smartwatch,5,Retail Store,123000,24600,Friday
64,Wearables,CUST0068,Weekday,Dhaka,Male,2023,Qtr 3,September,24,ORD-00557,Smartwatch,2,Marketplace,49200,24600,Sunday
64,Wearables,CUST0068,Weekend,Dhaka,Male,2023,Qtr 2,April,7,ORD-00513,Smartwatch,3,Corporate Sales,73800,24600,Friday
21,Wearables,CUST0072,Weekday,Khulna,Male,2024,Qtr 1,March,3,ORD-01114,Smartwatch,5,Retail Store,123000,24600,Sunday
19,Wearables,CUST0073,Weekend,Dhaka,Male,2023,Qtr 4,November,18,ORD-00718,Smartwatch,3,Online,73800,24600,Saturday
19,Wearables,CUST0073,Weekend,Dhaka,Male,2024,Qtr 1,January,27,ORD-01263,Smartwatch,3,Marketplace,73800,24600,Saturday
36,Wearables,CUST0074,Weekday,Chattogram,Male,2023,Qtr 3,August,28,ORD-00270,Smartwatch,2,Retail Store,49200,24600,Monday
36,Wearables,CUST0074,Weekday,Chattogram,Male,2024,Qtr 3,September,15,ORD-01773,Smartwatch,5,Retail Store,123000,24600,Sunday
56,Wearables,CUST0075,Weekday,Sylhet,Female,2024,Qtr 3,September,11,ORD-01226,Smartwatch,2,Retail Store,49200,24600,Wednesday
50,Wearables,CUST0077,Weekend,Chattogram,Male,2024,Qtr 1,March,15,ORD-01577,Smartwatch,4,Retail Store,98400,24600,Friday
38,Wearables,CUST0078,Weekday,Rangpur,Female,2023,Qtr 2,May,3,ORD-00142,Smartwatch,4,Retail Store,98400,24600,Wednesday
26,Wearables,CUST0079,Weekday,Dhaka,Male,2023,Qtr 1,January,4,ORD-00988,Smartwatch,2,Online,49200,24600,Wednesday
26,Wearables,CUST0079,Weekday,Dhaka,Male,2024,Qtr 3,July,8,ORD-01248,Smartwatch,5,Retail Store,123000,24600,Monday
26,Wearables,CUST0079,Weekend,Dhaka,Male,2024,Qtr 3,August,23,ORD-00843,Smartwatch,4,Retail Store,98400,24600,Friday
51,Wearables,CUST0080,Weekday,Khulna,Male,2024,Qtr 3,July,1,ORD-01768,Smartwatch,2,Corporate Sales,49200,24600,Monday
38,Wearables,CUST0081,Weekday,Barishal,Male,2023,Qtr 3,August,7,ORD-00220,Smartwatch,3,Online,73800,24600,Monday
30,Wearables,CUST0082,Weekend,Dhaka,Female,2023,Qtr 2,April,21,ORD-00132,Smartwatch,1,Corporate Sales,24600,24600,Friday
30,Wearables,CUST0082,Weekend,Dhaka,Female,2024,Qtr 3,July,27,ORD-01321,Smartwatch,3,Online,73800,24600,Saturday
18,Wearables,CUST0085,Weekday,Chattogram,Male,2024,Qtr 3,July,8,ORD-01605,Smartwatch,5,Corporate Sales,123000,24600,Monday
18,Wearables,CUST0085,Weekend,Chattogram,Male,2024,Qtr 1,February,23,ORD-01348,Smartwatch,2,Retail Store,49200,24600,Friday
26,Wearables,CUST0086,Weekday,Sylhet,Male,2023,Qtr 3,July,3,ORD-00588,Smartwatch,5,Online,123000,24600,Monday
26,Wearables,CUST0086,Weekday,Sylhet,Male,2024,Qtr 4,October,2,ORD-01868,Smartwatch,5,Corporate Sales,123000,24600,Wednesday
49,Wearables,CUST0087,Weekday,Dhaka,Female,2024,Qtr 4,December,10,ORD-01121,Smartwatch,1,Marketplace,24600,24600,Tuesday
66,Wearables,CUST0088,Weekday,Khulna,TIE - Review,2024,Qtr 3,September,3,ORD-01759,Smartwatch,5,Corporate Sales,123000,24600,Tuesday
30,Wearables,CUST0091,Weekday,Rajshahi,TIE - Review,2024,Qtr 1,March,18,ORD-01231,Smartwatch,5,Corporate Sales,123000,24600,Monday
30,Wearables,CUST0091,Weekday,Rajshahi,TIE - Review,2024,Qtr 2,May,12,ORD-01303,Smartwatch,2,Marketplace,49200,24600,Sunday
32,Wearables,CUST0092,Weekend,Dhaka,Female,2024,Qtr 4,December,14,ORD-01158,Smartwatch,4,Marketplace,98400,24600,Saturday
66,Wearables,CUST0093,Weekday,Chattogram,TIE - Review,2024,Qtr 1,January,7,ORD-01792,Smartwatch,4,Online,98400,24600,Sunday
30,Wearables,CUST0094,Weekday,Sylhet,Male,2024,Qtr 3,August,26,ORD-01627,Smartwatch,5,Corporate Sales,123000,24600,Monday
30,Wearables,CUST0094,Weekend,Sylhet,Male,2024,Qtr 2,June,28,ORD-01045,Smartwatch,1,Corporate Sales,24600,24600,Friday
60,Wearables,CUST0095,Weekday,Dhaka,Female,2023,Qtr 3,July,24,ORD-00357,Smartwatch,2,Corporate Sales,49200,24600,Monday
60,Wearables,CUST0095,Weekend,Dhaka,Female,2024,Qtr 2,April,27,ORD-01896,Smartwatch,4,Retail Store,98400,24600,Saturday
34,Wearables,CUST0097,Weekday,Rangpur,TIE - Review,2023,Qtr 2,May,21,ORD-00329,Smartwatch,1,Marketplace,24600,24600,Sunday
34,Wearables,CUST0097,Weekday,Rangpur,TIE - Review,2023,Qtr 2,June,25,ORD-00977,Smartwatch,3,Marketplace,73800,24600,Sunday
26,Wearables,CUST0099,Weekday,Khulna,TIE - Review,2024,Qtr 4,October,10,ORD-01474,Smartwatch,1,Retail Store,24600,24600,Thursday
26,Wearables,CUST0099,Weekend,Khulna,TIE - Review,2023,Qtr 4,October,6,ORD-00864,Smartwatch,1,Online,24600,24600,Friday
53,Wearables,CUST0101,Weekday,Chattogram,Female,2023,Qtr 4,November,5,ORD-00750,Smartwatch,4,Retail Store,98400,24600,Sunday
23,Wearables,CUST0103,Weekday,Dhaka,TIE - Review,2023,Qtr 4,November,15,ORD-00496,Smartwatch,5,Marketplace,123000,24600,Wednesday
23,Wearables,CUST0103,Weekday,Dhaka,TIE - Review,2024,Qtr 4,December,4,ORD-01472,Smartwatch,4,Marketplace,98400,24600,Wednesday
40,Wearables,CUST0104,Weekend,Chattogram,Male,2023,Qtr 3,July,8,ORD-00835,Smartwatch,1,Marketplace,24600,24600,Saturday
27,Wearables,CUST0105,Weekday,Rangpur,Male,2023,Qtr 1,January,18,ORD-00838,Smartwatch,2,Marketplace,49200,24600,Wednesday
27,Wearables,CUST0105,Weekend,Rangpur,Male,2023,Qtr 3,July,14,ORD-00185,Smartwatch,5,Online,123000,24600,Friday
50,Wearables,CUST0106,Weekday,Dhaka,Female,2024,Qtr 2,June,13,ORD-01692,Smartwatch,5,Corporate Sales,123000,24600,Thursday
67,Wearables,CUST0107,Weekend,Khulna,Male,2024,Qtr 3,August,9,ORD-01150,Smartwatch,5,Online,123000,24600,Friday
57,Wearables,CUST0109,Weekday,Dhaka,Male,2023,Qtr 1,January,10,ORD-00964,Smartwatch,3,Online,73800,24600,Tuesday
57,Wearables,CUST0109,Weekend,Dhaka,Male,2023,Qtr 3,September,8,ORD-00291,Smartwatch,1,Corporate Sales,24600,24600,Friday
60,Wearables,CUST0114,Weekday,Dhaka,Male,2024,Qtr 1,February,8,ORD-01872,Smartwatch,1,Marketplace,24600,24600,Thursday
53,Wearables,CUST0115,Weekday,Khulna,Male,2023,Qtr 2,June,25,ORD-00246,Smartwatch,5,Online,123000,24600,Sunday
23,Wearables,CUST0118,Weekday,Rajshahi,Male,2023,Qtr 3,July,23,ORD-00406,Smartwatch,3,Marketplace,73800,24600,Sunday
35,Wearables,CUST0120,Weekday,Chattogram,TIE - Review,2024,Qtr 2,May,23,ORD-01860,Smartwatch,5,Online,123000,24600,Thursday
35,Wearables,CUST0120,Weekday,Chattogram,TIE - Review,2024,Qtr 3,August,14,ORD-01848,Smartwatch,3,Retail Store,73800,24600,Wednesday
66,Wearables,CUST0121,Weekday,Sylhet,Female,2023,Qtr 3,September,19,ORD-00313,Smartwatch,5,Marketplace,123000,24600,Tuesday
68,Wearables,CUST0122,Weekday,Dhaka,Male,2024,Qtr 2,June,30,ORD-01368,Smartwatch,5,Retail Store,123000,24600,Sunday
52,Wearables,CUST0123,Weekday,Chattogram,Male,2023,Qtr 3,September,25,ORD-00984,Smartwatch,2,Retail Store,49200,24600,Monday
46,Wearables,CUST0125,Weekday,Dhaka,TIE - Review,2023,Qtr 4,November,28,ORD-00941,Smartwatch,3,Retail Store,73800,24600,Tuesday
46,Wearables,CUST0125,Weekday,Dhaka,TIE - Review,2024,Qtr 1,January,8,ORD-01700,Smartwatch,2,Marketplace,49200,24600,Monday
46,Wearables,CUST0125,Weekday,Dhaka,TIE - Review,2024,Qtr 1,March,20,ORD-01298,Smartwatch,2,Online,49200,24600,Wednesday
66,Wearables,CUST0126,Weekday,Khulna,Male,2023,Qtr 1,March,7,ORD-00825,Smartwatch,5,Online,123000,24600,Tuesday
62,Wearables,CUST0127,Weekday,Barishal,Male,2023,Qtr 3,August,31,ORD-00187,Smartwatch,2,Online,49200,24600,Thursday
62,Wearables,CUST0127,Weekday,Barishal,Male,2024,Qtr 4,November,25,ORD-01888,Smartwatch,2,Retail Store,49200,24600,Monday
52,Wearables,CUST0128,Weekday,Chattogram,Female,2023,Qtr 1,March,2,ORD-00446,Smartwatch,5,Online,123000,24600,Thursday
66,Wearables,CUST0129,Weekday,Rajshahi,Male,2023,Qtr 1,March,7,ORD-00401,Smartwatch,5,Online,123000,24600,Tuesday
66,Wearables,CUST0129,Weekday,Rajshahi,Male,2024,Qtr 3,August,13,ORD-01809,Smartwatch,1,Corporate Sales,24600,24600,Tuesday
68,Wearables,CUST0130,Weekend,Dhaka,Male,2023,Qtr 3,August,18,ORD-00421,Smartwatch,3,Marketplace,73800,24600,Friday
47,Wearables,CUST0133,Weekday,Dhaka,Male,2023,Qtr 2,June,15,ORD-00649,Smartwatch,3,Retail Store,73800,24600,Thursday
47,Wearables,CUST0133,Weekday,Dhaka,Male,2023,Qtr 4,December,13,ORD-00937,Smartwatch,1,Online,24600,24600,Wednesday
41,Wearables,CUST0135,Weekday,Barishal,Male,2023,Qtr 2,June,6,ORD-00686,Smartwatch,1,Marketplace,24600,24600,Tuesday
57,Wearables,CUST0139,Weekday,Chattogram,Male,2023,Qtr 2,June,26,ORD-00122,Smartwatch,2,Online,49200,24600,Monday
57,Wearables,CUST0139,Weekday,Chattogram,Male,2024,Qtr 2,May,16,ORD-01169,Smartwatch,5,Corporate Sales,123000,24600,Thursday
57,Wearables,CUST0139,Weekend,Chattogram,Male,2024,Qtr 4,December,6,ORD-01478,Smartwatch,2,Retail Store,49200,24600,Friday
50,Wearables,CUST0140,Weekday,Sylhet,Male,2024,Qtr 3,August,11,ORD-01025,Smartwatch,1,Online,24600,24600,Sunday
58,Wearables,CUST0141,Weekend,Dhaka,TIE - Review,2024,Qtr 4,December,21,ORD-01005,Smartwatch,5,Marketplace,123000,24600,Saturday
36,Wearables,CUST0143,Weekend,Mymensingh,Female,2023,Qtr 3,July,14,ORD-00016,Smartwatch,3,Marketplace,73800,24600,Friday
51,Wearables,CUST0145,Weekday,Rajshahi,Male,2024,Qtr 3,July,23,ORD-01659,Smartwatch,3,Retail Store,73800,24600,Tuesday
64,Wearables,CUST0147,Weekday,Chattogram,Male,2023,Qtr 1,January,11,ORD-00006,Smartwatch,2,Retail Store,49200,24600,Wednesday
67,Wearables,CUST0148,Weekday,Sylhet,Male,2024,Qtr 1,March,3,ORD-01157,Smartwatch,5,Online,123000,24600,Sunday
67,Wearables,CUST0148,Weekday,Sylhet,Male,2024,Qtr 2,May,28,ORD-01369,Smartwatch,4,Marketplace,98400,24600,Tuesday
40,Wearables,CUST0149,Weekday,Dhaka,Male,2023,Qtr 4,December,27,ORD-00673,Smartwatch,4,Marketplace,98400,24600,Wednesday
63,Wearables,CUST0150,Weekday,Chattogram,TIE - Review,2024,Qtr 4,December,11,ORD-01741,Smartwatch,1,Marketplace,24600,24600,Wednesday
69,Wearables,CUST0152,Weekday,Dhaka,Male,2023,Qtr 3,July,16,ORD-00534,Smartwatch,3,Online,73800,24600,Sunday
69,Wearables,CUST0152,Weekday,Dhaka,Male,2023,Qtr 4,October,25,ORD-00690,Smartwatch,5,Corporate Sales,123000,24600,Wednesday
31,Wearables,CUST0154,Weekday,Barishal,TIE - Review,2024,Qtr 3,July,8,ORD-01379,Smartwatch,3,Corporate Sales,73800,24600,Monday
41,Wearables,CUST0155,Weekday,Chattogram,TIE - Review,2023,Qtr 2,April,20,ORD-00579,Smartwatch,1,Online,24600,24600,Thursday
41,Wearables,CUST0155,Weekday,Chattogram,TIE - Review,2024,Qtr 1,February,12,ORD-01831,Smartwatch,5,Retail Store,123000,24600,Monday
57,Wearables,CUST0156,Weekday,Rajshahi,TIE - Review,2024,Qtr 1,January,9,ORD-01738,Smartwatch,2,Marketplace,49200,24600,Tuesday
57,Wearables,CUST0156,Weekday,Rajshahi,TIE - Review,2024,Qtr 2,May,9,ORD-01522,Smartwatch,4,Retail Store,98400,24600,Thursday
57,Wearables,CUST0156,Weekend,Rajshahi,TIE - Review,2023,Qtr 1,January,27,ORD-00604,Smartwatch,5,Retail Store,123000,24600,Friday
57,Wearables,CUST0156,Weekend,Rajshahi,TIE - Review,2024,Qtr 1,January,26,ORD-01606,Smartwatch,3,Online,73800,24600,Friday
48,Wearables,CUST0157,Weekday,Dhaka,Female,2024,Qtr 2,April,16,ORD-01662,Smartwatch,4,Marketplace,98400,24600,Tuesday
48,Wearables,CUST0157,Weekend,Dhaka,Female,2024,Qtr 4,October,5,ORD-01934,Smartwatch,1,Marketplace,24600,24600,Saturday
69,Wearables,CUST0160,Weekday,Dhaka,Male,2024,Qtr 1,January,14,ORD-01300,Smartwatch,2,Online,49200,24600,Sunday
62,Wearables,CUST0161,Weekday,Khulna,Male,2023,Qtr 1,January,3,ORD-00301,Smartwatch,3,Online,73800,24600,Tuesday
62,Wearables,CUST0161,Weekday,Khulna,Male,2024,Qtr 3,September,8,ORD-01286,Smartwatch,4,Retail Store,98400,24600,Sunday
69,Wearables,CUST0162,Weekday,Mymensingh,Male,2023,Qtr 4,October,9,ORD-00415,Smartwatch,4,Online,98400,24600,Monday
69,Wearables,CUST0162,Weekday,Mymensingh,Male,2024,Qtr 1,February,26,ORD-01586,Smartwatch,2,Corporate Sales,49200,24600,Monday
22,Wearables,CUST0163,Weekday,Dhaka,Female,2024,Qtr 3,September,29,ORD-01901,Smartwatch,5,Marketplace,123000,24600,Sunday
50,Wearables,CUST0164,Weekday,Rajshahi,Male,2024,Qtr 4,December,16,ORD-01647,Smartwatch,4,Retail Store,98400,24600,Monday
49,Wearables,CUST0165,Weekend,Dhaka,TIE - Review,2024,Qtr 1,March,2,ORD-01001,Smartwatch,2,Retail Store,49200,24600,Saturday
29,Wearables,CUST0166,Weekend,Chattogram,Female,2024,Qtr 1,February,23,ORD-01101,Smartwatch,3,Online,73800,24600,Friday
67,Wearables,CUST0167,Weekday,Sylhet,TIE - Review,2023,Qtr 1,March,27,ORD-00346,Smartwatch,3,Online,73800,24600,Monday
67,Wearables,CUST0167,Weekday,Sylhet,TIE - Review,2024,Qtr 2,June,9,ORD-01560,Smartwatch,2,Retail Store,49200,24600,Sunday
42,Wearables,CUST0168,Weekday,Dhaka,Female,2024,Qtr 2,April,4,ORD-01437,Smartwatch,1,Corporate Sales,24600,24600,Thursday
65,Wearables,CUST0173,Weekday,Dhaka,Male,2024,Qtr 2,June,26,ORD-01520,Smartwatch,2,Online,49200,24600,Wednesday
68,Wearables,CUST0174,Weekday,Chattogram,Female,2024,Qtr 2,May,21,ORD-01392,Smartwatch,4,Online,98400,24600,Tuesday
51,Wearables,CUST0176,Weekday,Dhaka,Male,2024,Qtr 2,June,18,ORD-01753,Smartwatch,3,Corporate Sales,73800,24600,Tuesday
51,Wearables,CUST0176,Weekday,Dhaka,Male,2024,Qtr 4,November,18,ORD-01186,Smartwatch,3,Marketplace,73800,24600,Monday
29,Wearables,CUST0177,Weekday,Chattogram,Female,2024,Qtr 3,July,29,ORD-01866,Smartwatch,5,Retail Store,123000,24600,Monday
29,Wearables,CUST0177,Weekend,Chattogram,Female,2023,Qtr 1,February,25,ORD-00665,Smartwatch,4,Marketplace,98400,24600,Saturday
29,Wearables,CUST0177,Weekend,Chattogram,Female,2023,Qtr 1,March,18,ORD-00150,Smartwatch,3,Corporate Sales,73800,24600,Saturday
44,Wearables,CUST0178,Weekday,Rangpur,Male,2023,Qtr 2,April,18,ORD-00695,Smartwatch,3,Retail Store,73800,24600,Tuesday
44,Wearables,CUST0178,Weekday,Rangpur,Male,2024,Qtr 3,July,7,ORD-01359,Smartwatch,1,Corporate Sales,24600,24600,Sunday
44,Wearables,CUST0178,Weekend,Rangpur,Male,2023,Qtr 4,October,28,ORD-00048,Smartwatch,3,Corporate Sales,73800,24600,Saturday
68,Wearables,CUST0180,Weekday,Khulna,Male,2024,Qtr 3,July,23,ORD-01729,Smartwatch,3,Retail Store,73800,24600,Tuesday
68,Wearables,CUST0180,Weekday,Khulna,Male,2024,Qtr 3,August,7,ORD-01867,Smartwatch,5,Online,123000,24600,Wednesday
59,Wearables,CUST0181,Weekday,Barishal,Male,2023,Qtr 1,February,8,ORD-00081,Smartwatch,3,Marketplace,73800,24600,Wednesday
59,Wearables,CUST0181,Weekday,Barishal,Male,2024,Qtr 3,September,11,ORD-00996,Smartwatch,2,Corporate Sales,49200,24600,Wednesday
42,Wearables,CUST0183,Weekday,Rajshahi,Female,2024,Qtr 2,April,22,ORD-01180,Smartwatch,5,Marketplace,123000,24600,Monday
29,Wearables,CUST0185,Weekday,Chattogram,Female,2024,Qtr 2,April,16,ORD-01352,Smartwatch,4,Marketplace,98400,24600,Tuesday
55,Wearables,CUST0186,Weekday,Sylhet,Female,2023,Qtr 1,January,10,ORD-00422,Smartwatch,5,Marketplace,123000,24600,Tuesday
55,Wearables,CUST0186,Weekday,Sylhet,Female,2024,Qtr 3,September,17,ORD-01924,Smartwatch,5,Retail Store,123000,24600,Tuesday
29,Wearables,CUST0188,Weekday,Khulna,Male,2024,Qtr 2,May,6,ORD-01432,Smartwatch,3,Online,73800,24600,Monday
29,Wearables,CUST0188,Weekday,Khulna,Male,2024,Qtr 3,September,10,ORD-01536,Smartwatch,3,Marketplace,73800,24600,Tuesday
38,Wearables,CUST0189,Weekday,Mymensingh,Female,2024,Qtr 1,January,28,ORD-01733,Smartwatch,2,Corporate Sales,49200,24600,Sunday
28,Wearables,CUST0190,Weekday,Dhaka,Male,2024,Qtr 2,June,3,ORD-01116,Smartwatch,5,Marketplace,123000,24600,Monday
41,Wearables,CUST0191,Weekday,Rajshahi,Female,2024,Qtr 2,April,29,ORD-01030,Smartwatch,5,Retail Store,123000,24600,Monday
58,Wearables,CUST0192,Weekday,Dhaka,Male,2023,Qtr 4,November,12,ORD-00103,Smartwatch,4,Retail Store,98400,24600,Sunday
58,Wearables,CUST0192,Weekday,Dhaka,Male,2024,Qtr 3,September,29,ORD-01476,Smartwatch,2,Online,49200,24600,Sunday
61,Wearables,CUST0194,Weekday,Sylhet,Female,2024,Qtr 4,November,4,ORD-01881,Smartwatch,3,Marketplace,73800,24600,Monday
48,Wearables,CUST0195,Weekday,Dhaka,Female,2023,Qtr 2,May,4,ORD-00654,Smartwatch,5,Marketplace,123000,24600,Thursday
37,Wearables,CUST0196,Weekday,Chattogram,Female,2023,Qtr 2,April,23,ORD-00531,Smartwatch,5,Marketplace,123000,24600,Sunday
37,Wearables,CUST0196,Weekend,Chattogram,Female,2023,Qtr 1,February,17,ORD-00884,Smartwatch,2,Marketplace,49200,24600,Friday
37,Wearables,CUST0196,Weekend,Chattogram,Female,2024,Qtr 1,February,2,ORD-01553,Smartwatch,3,Online,73800,24600,Friday
54,Wearables,CUST0197,Weekday,Rangpur,Male,2024,Qtr 1,February,13,ORD-01523,Smartwatch,3,Corporate Sales,73800,24600,Tuesday
49,Wearables,CUST0201,Weekday,Chattogram,Female,2023,Qtr 4,October,23,ORD-00748,Smartwatch,3,Corporate Sales,73800,24600,Monday
49,Wearables,CUST0201,Weekend,Chattogram,Female,2024,Qtr 3,August,2,ORD-01861,Smartwatch,5,Marketplace,123000,24600,Friday
56,Wearables,CUST0202,Weekday,Rajshahi,Male,2024,Qtr 3,September,30,ORD-00489,Smartwatch,5,Online,123000,24600,Monday
33,Wearables,CUST0203,Weekday,Dhaka,Female,2023,Qtr 3,September,24,ORD-00290,Smartwatch,1,Marketplace,24600,24600,Sunday
33,Wearables,CUST0203,Weekday,Dhaka,Female,2024,Qtr 4,December,17,ORD-01695,Smartwatch,5,Retail Store,123000,24600,Tuesday
54,Wearables,CUST0204,Weekday,Chattogram,Male,2023,Qtr 4,October,17,ORD-00230,Smartwatch,5,Corporate Sales,123000,24600,Tuesday
54,Wearables,CUST0204,Weekday,Chattogram,Male,2024,Qtr 3,September,26,ORD-01049,Smartwatch,5,Marketplace,123000,24600,Thursday
43,Wearables,CUST0205,Weekday,Rangpur,TIE - Review,2024,Qtr 4,October,13,ORD-01538,Smartwatch,2,Online,49200,24600,Sunday
57,Wearables,CUST0208,Weekday,Barishal,Female,2023,Qtr 2,May,18,ORD-00377,Smartwatch,2,Retail Store,49200,24600,Thursday
57,Wearables,CUST0208,Weekday,Barishal,Female,2024,Qtr 3,September,30,ORD-01897,Smartwatch,2,Retail Store,49200,24600,Monday
57,Wearables,CUST0208,Weekend,Barishal,Female,2024,Qtr 2,April,26,ORD-01758,Smartwatch,2,Retail Store,49200,24600,Friday
63,Wearables,CUST0209,Weekday,Dhaka,Male,2024,Qtr 2,June,10,ORD-01772,Smartwatch,5,Marketplace,123000,24600,Monday
45,Wearables,CUST0213,Weekday,Sylhet,Female,2023,Qtr 4,October,31,ORD-00740,Smartwatch,5,Retail Store,123000,24600,Tuesday
53,Wearables,CUST0216,Weekday,Mymensingh,Male,2024,Qtr 3,August,28,ORD-01009,Smartwatch,3,Corporate Sales,73800,24600,Wednesday
53,Wearables,CUST0216,Weekend,Mymensingh,Male,2024,Qtr 3,July,27,ORD-01679,Smartwatch,2,Corporate Sales,49200,24600,Saturday
36,Wearables,CUST0218,Weekend,Rajshahi,Male,2024,Qtr 4,November,9,ORD-01555,Smartwatch,4,Online,98400,24600,Saturday
48,Wearables,CUST0219,Weekday,Dhaka,Female,2024,Qtr 3,July,18,ORD-00692,Smartwatch,5,Marketplace,123000,24600,Thursday
57,Wearables,CUST0224,Weekday,Rangpur,TIE - Review,2023,Qtr 4,December,13,ORD-00709,Smartwatch,4,Corporate Sales,98400,24600,Wednesday
65,Wearables,CUST0225,Weekday,Dhaka,TIE - Review,2023,Qtr 1,February,19,ORD-00550,Smartwatch,1,Online,24600,24600,Sunday
54,Wearables,CUST0227,Weekday,Barishal,TIE - Review,2023,Qtr 3,August,10,ORD-00663,Smartwatch,3,Online,73800,24600,Thursday
25,Wearables,CUST0228,Weekday,Chattogram,Male,2023,Qtr 4,October,19,ORD-00895,Smartwatch,2,Retail Store,49200,24600,Thursday
25,Wearables,CUST0228,Weekday,Chattogram,Male,2024,Qtr 2,April,24,ORD-01596,Smartwatch,2,Online,49200,24600,Wednesday
25,Wearables,CUST0228,Weekday,Chattogram,Male,2024,Qtr 4,November,24,ORD-01386,Smartwatch,3,Corporate Sales,73800,24600,Sunday
44,Wearables,CUST0232,Weekend,Rangpur,TIE - Review,2024,Qtr 4,November,16,ORD-00998,Smartwatch,3,Retail Store,73800,24600,Saturday
24,Wearables,CUST0233,Weekend,Dhaka,Male,2023,Qtr 1,March,11,ORD-00821,Smartwatch,3,Marketplace,73800,24600,Saturday
44,Wearables,CUST0234,Weekend,Khulna,TIE - Review,2023,Qtr 3,July,8,ORD-00833,Smartwatch,1,Retail Store,24600,24600,Saturday
19,Wearables,CUST0235,Weekend,Barishal,Male,2024,Qtr 1,March,15,ORD-01770,Smartwatch,5,Marketplace,123000,24600,Friday
19,Wearables,CUST0235,Weekend,Barishal,Male,2024,Qtr 2,June,15,ORD-01043,Smartwatch,3,Marketplace,73800,24600,Saturday
65,Wearables,CUST0237,Weekday,Rajshahi,Male,2024,Qtr 3,September,3,ORD-01046,Smartwatch,1,Marketplace,24600,24600,Tuesday
26,Wearables,CUST0238,Weekday,Dhaka,Male,2023,Qtr 1,January,3,ORD-00818,Smartwatch,4,Corporate Sales,98400,24600,Tuesday
35,Wearables,CUST0239,Weekend,Chattogram,TIE - Review,2023,Qtr 4,November,18,ORD-00146,Smartwatch,1,Corporate Sales,24600,24600,Saturday
39,Wearables,CUST0240,Weekday,Sylhet,Male,2024,Qtr 3,September,10,ORD-01832,Smartwatch,4,Online,98400,24600,Tuesday
27,Wearables,CUST0241,Weekday,Dhaka,Female,2024,Qtr 1,March,13,ORD-01740,Smartwatch,5,Corporate Sales,123000,24600,Wednesday
58,Wearables,CUST0242,Weekday,Chattogram,Male,2023,Qtr 4,October,22,ORD-00880,Smartwatch,5,Retail Store,123000,24600,Sunday
58,Wearables,CUST0242,Weekend,Chattogram,Male,2023,Qtr 3,September,29,ORD-00897,Smartwatch,3,Retail Store,73800,24600,Friday
24,Wearables,CUST0244,Weekday,Dhaka,Female,2024,Qtr 2,June,6,ORD-01684,Smartwatch,4,Online,98400,24600,Thursday
24,Wearables,CUST0244,Weekend,Dhaka,Female,2024,Qtr 1,February,16,ORD-00392,Smartwatch,1,Marketplace,24600,24600,Friday
64,Wearables,CUST0246,Weekday,Dhaka,Female,2024,Qtr 1,March,11,ORD-01675,Smartwatch,1,Corporate Sales,24600,24600,Monday
64,Wearables,CUST0250,Weekday,Chattogram,Female,2023,Qtr 4,November,28,ORD-00240,Smartwatch,2,Online,49200,24600,Tuesday
64,Wearables,CUST0250,Weekday,Chattogram,Female,2024,Qtr 4,October,22,ORD-01401,Smartwatch,5,Retail Store,123000,24600,Tuesday
55,Wearables,CUST0252,Weekday,Dhaka,Male,2023,Qtr 3,August,30,ORD-00814,Smartwatch,3,Retail Store,73800,24600,Wednesday
55,Wearables,CUST0252,Weekday,Dhaka,Male,2023,Qtr 4,October,16,ORD-00971,Smartwatch,5,Corporate Sales,123000,24600,Monday
51,Wearables,CUST0253,Weekend,Khulna,Female,2024,Qtr 1,January,20,ORD-01892,Smartwatch,5,Retail Store,123000,24600,Saturday
54,Wearables,CUST0257,Weekday,Dhaka,Female,2024,Qtr 4,October,22,ORD-01292,Smartwatch,3,Corporate Sales,73800,24600,Tuesday
27,Wearables,CUST0262,Weekday,Mymensingh,Male,2023,Qtr 4,October,23,ORD-00007,Smartwatch,1,Retail Store,24600,24600,Monday
40,Wearables,CUST0263,Weekend,Dhaka,Female,2023,Qtr 2,April,8,ORD-00234,Smartwatch,1,Corporate Sales,24600,24600,Saturday
38,Wearables,CUST0265,Weekday,Dhaka,TIE - Review,2024,Qtr 4,November,25,ORD-01602,Smartwatch,5,Online,123000,24600,Monday
64,Wearables,CUST0270,Weekday,Mymensingh,TIE - Review,2023,Qtr 3,August,20,ORD-00967,Smartwatch,5,Corporate Sales,123000,24600,Sunday
64,Wearables,CUST0270,Weekday,Mymensingh,TIE - Review,2024,Qtr 2,May,20,ORD-01444,Smartwatch,2,Corporate Sales,49200,24600,Monday
46,Wearables,CUST0271,Weekday,Dhaka,Male,2023,Qtr 2,April,10,ORD-00672,Smartwatch,2,Retail Store,49200,24600,Monday
52,Wearables,CUST0272,Weekday,Khulna,TIE - Review,2023,Qtr 3,September,17,ORD-00358,Smartwatch,3,Online,73800,24600,Sunday
52,Wearables,CUST0278,Weekday,Rangpur,Female,2023,Qtr 1,January,29,ORD-00275,Smartwatch,3,Corporate Sales,73800,24600,Sunday
44,Wearables,CUST0280,Weekday,Khulna,Male,2024,Qtr 3,September,17,ORD-01680,Smartwatch,4,Retail Store,98400,24600,Tuesday
44,Wearables,CUST0280,Weekday,Khulna,Male,2024,Qtr 4,December,18,ORD-01173,Smartwatch,2,Corporate Sales,49200,24600,Wednesday
44,Wearables,CUST0280,Weekend,Khulna,Male,2023,Qtr 1,March,3,ORD-00429,Smartwatch,4,Marketplace,98400,24600,Friday
44,Wearables,CUST0280,Weekend,Khulna,Male,2024,Qtr 1,January,19,ORD-01502,Smartwatch,3,Marketplace,73800,24600,Friday
44,Wearables,CUST0280,Weekend,Khulna,Male,2024,Qtr 2,April,19,ORD-01070,Smartwatch,1,Corporate Sales,24600,24600,Friday
68,Wearables,CUST0282,Weekday,Dhaka,Male,2023,Qtr 2,June,22,ORD-00213,Smartwatch,3,Online,73800,24600,Thursday
68,Wearables,CUST0282,Weekend,Dhaka,Male,2024,Qtr 4,October,11,ORD-01415,Smartwatch,3,Marketplace,73800,24600,Friday
64,Wearables,CUST0284,Weekday,Dhaka,Female,2023,Qtr 2,May,9,ORD-00411,Smartwatch,5,Corporate Sales,123000,24600,Tuesday
58,Wearables,CUST0285,Weekday,Chattogram,Female,2024,Qtr 1,January,23,ORD-01530,Smartwatch,4,Retail Store,98400,24600,Tuesday
60,Wearables,CUST0287,Weekend,Dhaka,Female,2024,Qtr 3,July,27,ORD-01490,Smartwatch,5,Corporate Sales,123000,24600,Saturday
60,Wearables,CUST0287,Weekend,Dhaka,Female,2024,Qtr 4,October,12,ORD-00282,Smartwatch,4,Corporate Sales,98400,24600,Saturday
55,Wearables,CUST0288,Weekday,Khulna,Male,2023,Qtr 1,January,31,ORD-00859,Smartwatch,2,Retail Store,49200,24600,Tuesday
37,Wearables,CUST0289,Weekend,Mymensingh,Female,2023,Qtr 4,November,18,ORD-00514,Smartwatch,5,Online,123000,24600,Saturday
37,Wearables,CUST0290,Weekday,Dhaka,Female,2023,Qtr 2,April,27,ORD-00809,Smartwatch,4,Marketplace,98400,24600,Thursday
49,Wearables,CUST0291,Weekend,Rajshahi,Female,2023,Qtr 1,March,18,ORD-00293,Smartwatch,4,Online,98400,24600,Saturday
21,Wearables,CUST0292,Weekday,Dhaka,Male,2024,Qtr 2,June,16,ORD-01707,Smartwatch,2,Online,49200,24600,Sunday
21,Wearables,CUST0292,Weekday,Dhaka,Male,2024,Qtr 4,November,7,ORD-01895,Smartwatch,5,Retail Store,123000,24600,Thursday
32,Wearables,CUST0293,Weekday,Chattogram,Male,2023,Qtr 2,June,21,ORD-00019,Smartwatch,5,Marketplace,123000,24600,Wednesday
58,Wearables,CUST0298,Weekday,Dhaka,TIE - Review,2024,Qtr 1,February,28,ORD-01034,Smartwatch,3,Retail Store,73800,24600,Wednesday
58,Wearables,CUST0299,Weekday,Khulna,Female,2023,Qtr 3,August,3,ORD-00983,Smartwatch,4,Retail Store,98400,24600,Thursday
66,Wearables,CUST0300,Weekday,Dhaka,TIE - Review,2023,Qtr 4,October,15,ORD-00842,Smartwatch,4,Marketplace,98400,24600,Sunday
